entry_time,exit_time,position,entry_price,exit_price,exit_type,pnl
2020-07-12 20:00:00,2020-07-13 16:00:00,long,9302.75,9209.7225,stop_loss,-0.010000000000000016
2020-07-14 00:00:00,2020-07-21 04:00:00,short,9217.11,9309.2811,stop_loss,-0.009999999999999953
2020-07-24 20:00:00,2020-07-25 16:00:00,short,9537.8,9633.178,stop_loss,-0.010000000000000064
2020-07-25 20:00:00,2020-07-26 08:00:00,long,9700.42,9894.4284,take_profit,0.020000000000000063
2020-07-29 20:00:00,2020-07-30 12:00:00,short,11100.53,10878.519400000001,take_profit,0.019999999999999962
2020-08-01 04:00:00,2020-08-01 12:00:00,long,11657.35,11540.7765,stop_loss,-0.010000000000000037
2020-08-02 04:00:00,2020-08-02 08:00:00,short,11323.78,11097.3044,take_profit,0.019999999999999976
2020-08-05 12:00:00,2020-08-05 20:00:00,long,11661.3,11544.687,stop_loss,-0.009999999999999946
2020-08-07 12:00:00,2020-08-07 16:00:00,short,11641.7,11408.866,take_profit,0.020000000000000063
2020-08-10 00:00:00,2020-08-10 08:00:00,long,12009.4,11889.305999999999,stop_loss,-0.01000000000000008
2020-08-11 04:00:00,2020-08-11 12:00:00,short,11748.05,11513.089,take_profit,0.019999999999999945
2020-08-13 20:00:00,2020-08-14 00:00:00,long,11780.0,11662.2,stop_loss,-0.009999999999999938
2020-08-16 16:00:00,2020-08-17 12:00:00,short,11818.3,11936.483,stop_loss,-0.010000000000000077
2020-08-17 12:00:00,2020-08-17 16:00:00,long,12421.55,12297.334499999999,stop_loss,-0.010000000000000021
2020-08-18 16:00:00,2020-08-19 04:00:00,short,11982.0,11742.36,take_profit,0.019999999999999952
2020-08-23 12:00:00,2020-08-25 08:00:00,long,11653.25,11536.7175,stop_loss,-0.009999999999999943
2020-08-25 12:00:00,2020-08-25 16:00:00,short,11419.41,11191.0218,take_profit,0.01999999999999995
2020-08-28 00:00:00,2020-08-30 00:00:00,long,11380.08,11607.6816,take_profit,0.019999999999999997
2020-09-02 08:00:00,2020-09-03 12:00:00,short,11406.02,11177.8996,take_profit,0.01999999999999998
2020-09-06 04:00:00,2020-09-06 12:00:00,long,10230.37,10128.0663,stop_loss,-0.010000000000000037
2020-09-13 16:00:00,2020-09-14 08:00:00,short,10309.05,10412.1405,stop_loss,-0.010000000000000024
2020-09-14 08:00:00,2020-09-14 12:00:00,long,10469.82,10679.2164,take_profit,0.019999999999999966
2020-09-17 08:00:00,2020-09-18 08:00:00,short,10877.65,10986.4265,stop_loss,-0.009999999999999995
2020-09-19 12:00:00,2020-09-20 00:00:00,long,11090.56,10979.6544,stop_loss,-0.010000000000000005
2020-09-20 00:00:00,2020-09-20 16:00:00,short,10948.81,10729.833799999999,take_profit,0.02000000000000009
2020-09-24 12:00:00,2020-09-24 20:00:00,long,10545.36,10756.2672,take_profit,0.019999999999999966
2020-09-29 00:00:00,2020-09-29 08:00:00,short,10689.94,10796.8394,stop_loss,-0.010000000000000023
2020-10-01 04:00:00,2020-10-01 12:00:00,long,10824.75,10716.5025,stop_loss,-0.009999999999999953
2020-10-01 16:00:00,2020-10-02 04:00:00,short,10617.74,10405.385199999999,take_profit,0.020000000000000094
2020-10-04 00:00:00,2020-10-05 12:00:00,long,10545.49,10756.3998,take_profit,0.01999999999999995
2020-10-06 16:00:00,2020-10-07 16:00:00,short,10571.36,10677.073600000002,stop_loss,-0.010000000000000089
2020-10-08 12:00:00,2020-10-10 00:00:00,long,10896.96,11114.8992,take_profit,0.020000000000000066
2020-10-11 20:00:00,2020-10-12 12:00:00,short,11369.02,11482.710200000001,stop_loss,-0.01000000000000008
2020-10-18 04:00:00,2020-10-19 12:00:00,long,11455.4,11684.508,take_profit,0.020000000000000014
2020-10-23 12:00:00,2020-10-24 12:00:00,short,12921.09,13050.3009,stop_loss,-0.010000000000000004
2020-10-27 12:00:00,2020-10-28 08:00:00,long,13609.24,13473.1476,stop_loss,-0.009999999999999967
2020-10-28 12:00:00,2020-10-29 12:00:00,short,13221.26,13353.472600000001,stop_loss,-0.010000000000000056
2020-10-30 20:00:00,2020-10-31 00:00:00,long,13560.1,13424.499,stop_loss,-0.010000000000000042
2020-11-01 20:00:00,2020-11-02 08:00:00,short,13761.5,13486.27,take_profit,0.01999999999999997
2020-11-03 20:00:00,2020-11-04 00:00:00,long,14023.53,13883.2947,stop_loss,-0.01000000000000002
2020-11-07 12:00:00,2020-11-07 16:00:00,short,15337.91,15031.1518,take_profit,0.020000000000000014
2020-11-11 12:00:00,2020-11-12 00:00:00,long,15667.27,15510.5973,stop_loss,-0.010000000000000063
2020-11-14 04:00:00,2020-11-14 08:00:00,short,16089.0,15767.22,take_profit,0.020000000000000042
2020-11-16 12:00:00,2020-11-16 16:00:00,long,16450.0,16779.0,take_profit,0.02
2020-11-19 08:00:00,2020-11-19 12:00:00,short,17765.33,17942.983300000004,stop_loss,-0.010000000000000099
2020-11-20 12:00:00,2020-11-20 16:00:00,long,18668.56,18481.8744,stop_loss,-0.010000000000000037
2020-11-21 08:00:00,2020-11-21 12:00:00,short,18531.06,18716.370600000002,stop_loss,-0.010000000000000037
2020-11-24 12:00:00,2020-11-24 16:00:00,long,19358.57,19164.9843,stop_loss,-0.009999999999999981
2020-11-25 20:00:00,2020-11-26 00:00:00,short,18719.11,18906.3011,stop_loss,-0.01
2020-11-28 12:00:00,2020-11-28 20:00:00,long,17517.04,17867.380800000003,take_profit,0.0200000000000001
2020-12-02 00:00:00,2020-12-02 04:00:00,short,18618.25,18804.4325,stop_loss,-0.009999999999999945
2020-12-06 20:00:00,2020-12-07 00:00:00,long,19359.4,19165.806,stop_loss,-0.010000000000000049
2020-12-07 12:00:00,2020-12-08 08:00:00,short,19213.9,18829.622,take_profit,0.020000000000000104
2020-12-12 00:00:00,2020-12-12 16:00:00,long,18282.02,18647.6604,take_profit,0.02000000000000001
2020-12-16 04:00:00,2020-12-16 08:00:00,short,19423.96,19618.1996,stop_loss,-0.010000000000000042
2020-12-16 08:00:00,2020-12-16 12:00:00,long,19739.78,20134.5756,take_profit,0.020000000000000066
2020-12-19 04:00:00,2020-12-19 12:00:00,short,22853.75,23082.2875,stop_loss,-0.009999999999999936
2020-12-25 08:00:00,2020-12-25 12:00:00,long,24574.4,24328.656000000003,stop_loss,-0.00999999999999995
2020-12-28 12:00:00,2020-12-28 16:00:00,short,26916.32,27185.4832,stop_loss,-0.009999999999999966
2020-12-30 04:00:00,2020-12-30 08:00:00,long,28386.62,28102.7538,stop_loss,-0.010000000000000014
2020-12-31 20:00:00,2021-01-01 00:00:00,short,28923.63,29212.8663,stop_loss,-0.010000000000000016
2021-01-02 12:00:00,2021-01-02 16:00:00,long,31691.29,32325.115800000003,take_profit,0.020000000000000073
2021-01-04 04:00:00,2021-01-04 08:00:00,short,32068.84,32389.5284,stop_loss,-0.009999999999999972
2021-01-06 00:00:00,2021-01-06 04:00:00,long,34117.59,34799.9418,take_profit,0.02000000000000012
2021-01-09 04:00:00,2021-01-09 08:00:00,short,39638.61,40034.996100000004,stop_loss,-0.010000000000000085
2021-01-13 16:00:00,2021-01-13 20:00:00,long,36002.25,36722.295,take_profit,0.019999999999999952
2021-01-15 16:00:00,2021-01-15 20:00:00,short,35217.26,35569.4326,stop_loss,-0.009999999999999945
2021-01-18 12:00:00,2021-01-18 16:00:00,long,36405.98,36041.9202,stop_loss,-0.010000000000000075
2021-01-20 00:00:00,2021-01-20 04:00:00,short,35062.49,35413.1149,stop_loss,-0.010000000000000073
2021-01-22 20:00:00,2021-01-23 00:00:00,long,32945.17,32615.718299999997,stop_loss,-0.010000000000000044
2021-01-26 08:00:00,2021-01-26 12:00:00,short,31796.95,31161.011,take_profit,0.020000000000000066
2021-01-26 20:00:00,2021-01-27 00:00:00,long,32467.77,32143.0923,stop_loss,-0.010000000000000005
2021-01-27 00:00:00,2021-01-27 08:00:00,short,31800.86,31164.8428,take_profit,0.020000000000000063
2021-01-28 12:00:00,2021-01-28 16:00:00,long,31926.49,32565.019800000002,take_profit,0.020000000000000007
2021-01-31 04:00:00,2021-01-31 12:00:00,short,33607.98,33944.0598,stop_loss,-0.009999999999999985
2021-02-02 08:00:00,2021-02-02 12:00:00,long,34720.15,34372.9485,stop_loss,-0.010000000000000082
2021-02-05 08:00:00,2021-02-05 12:00:00,short,37691.32,38068.2332,stop_loss,-0.010000000000000071
2021-02-05 12:00:00,2021-02-05 16:00:00,long,37960.76,37581.1524,stop_loss,-0.010000000000000078
2021-02-05 16:00:00,2021-02-05 20:00:00,short,37608.92,37985.0092,stop_loss,-0.010000000000000057
2021-02-06 00:00:00,2021-02-06 04:00:00,long,39384.74,38990.8926,stop_loss,-0.009999999999999969
2021-02-07 04:00:00,2021-02-07 08:00:00,short,39030.0,39420.3,stop_loss,-0.010000000000000075
2021-02-08 12:00:00,2021-02-08 16:00:00,long,43716.32,43279.1568,stop_loss,-0.010000000000000061
2021-02-10 12:00:00,2021-02-10 16:00:00,short,44353.04,44796.570400000004,stop_loss,-0.010000000000000073
2021-02-17 04:00:00,2021-02-17 12:00:00,long,51112.39,50601.2661,stop_loss,-0.009999999999999974
2021-02-18 20:00:00,2021-02-19 08:00:00,short,51552.6,52068.126,stop_loss,-0.009999999999999962
2021-02-19 12:00:00,2021-02-19 16:00:00,long,53863.19,54940.4538,take_profit,0.02000000000000001
2021-02-22 00:00:00,2021-02-22 04:00:00,short,55860.12,56418.7212,stop_loss,-0.009999999999999952
2021-02-25 04:00:00,2021-02-25 08:00:00,long,50395.99,49892.030099999996,stop_loss,-0.010000000000000033
2021-02-25 20:00:00,2021-02-26 00:00:00,short,47073.73,47544.467300000004,stop_loss,-0.010000000000000014
2021-02-27 08:00:00,2021-02-27 12:00:00,long,47299.99,46826.990099999995,stop_loss,-0.010000000000000054
2021-02-28 00:00:00,2021-02-28 04:00:00,short,44629.17,45075.4617,stop_loss,-0.010000000000000037
2021-03-01 00:00:00,2021-03-01 04:00:00,long,46336.37,45873.0063,stop_loss,-0.010000000000000037
2021-03-04 16:00:00,2021-03-04 20:00:00,short,48000.36,48480.363600000004,stop_loss,-0.010000000000000077
2021-03-07 00:00:00,2021-03-07 08:00:00,long,49551.44,50542.4688,take_profit,0.02
2021-03-12 04:00:00,2021-03-12 12:00:00,short,56670.9,55537.482,take_profit,0.019999999999999962
2021-03-13 08:00:00,2021-03-13 12:00:00,long,59849.74,59251.2426,stop_loss,-0.010000000000000004
2021-03-14 16:00:00,2021-03-14 20:00:00,short,59931.7,60531.017,stop_loss,-0.010000000000000045
2021-03-17 20:00:00,2021-03-18 04:00:00,long,58912.97,58323.8403,stop_loss,-0.00999999999999996
2021-03-21 00:00:00,2021-03-21 08:00:00,short,57790.0,56634.2,take_profit,0.02000000000000005
2021-03-24 08:00:00,2021-03-24 16:00:00,long,56541.03,55975.619699999996,stop_loss,-0.010000000000000057
2021-03-24 20:00:00,2021-03-25 00:00:00,short,52303.65,52826.6865,stop_loss,-0.010000000000000038
2021-03-26 08:00:00,2021-03-26 16:00:00,long,52710.96,53765.1792,take_profit,0.01999999999999999
2021-03-31 08:00:00,2021-03-31 12:00:00,short,58015.02,58595.1702,stop_loss,-0.010000000000000064
2021-03-31 12:00:00,2021-03-31 16:00:00,long,59304.75,58711.7025,stop_loss,-0.01000000000000001
2021-03-31 16:00:00,2021-03-31 20:00:00,short,58553.12,59138.6512,stop_loss,-0.009999999999999959
2021-04-05 16:00:00,2021-04-06 04:00:00,long,59005.2,58415.147999999994,stop_loss,-0.010000000000000057
2021-04-06 16:00:00,2021-04-07 08:00:00,short,58225.0,57060.5,take_profit,0.02
2021-04-08 16:00:00,2021-04-09 08:00:00,long,57734.94,58889.6388,take_profit,0.01999999999999997
2021-04-12 12:00:00,2021-04-13 00:00:00,short,59986.83,60586.698300000004,stop_loss,-0.010000000000000031
2021-04-13 04:00:00,2021-04-13 08:00:00,long,61050.99,62272.0098,take_profit,0.02000000000000003
2021-04-14 20:00:00,2021-04-15 20:00:00,short,62959.53,63589.1253,stop_loss,-0.010000000000000014
2021-04-20 08:00:00,2021-04-20 12:00:00,long,56266.83,55704.161700000004,stop_loss,-0.009999999999999957
2021-04-22 20:00:00,2021-04-23 00:00:00,short,51690.96,50657.1408,take_profit,0.019999999999999962
2021-04-24 16:00:00,2021-04-24 20:00:00,long,50667.75,50161.0725,stop_loss,-0.00999999999999996
2021-04-29 04:00:00,2021-04-29 12:00:00,short,54465.14,53375.8372,take_profit,0.01999999999999996
2021-04-30 12:00:00,2021-04-30 16:00:00,long,57180.06,56608.259399999995,stop_loss,-0.01000000000000004
2021-05-02 04:00:00,2021-05-02 12:00:00,short,56633.02,57199.3502,stop_loss,-0.010000000000000071
2021-05-03 08:00:00,2021-05-03 12:00:00,long,58657.63,58071.0537,stop_loss,-0.01000000000000001
2021-05-03 12:00:00,2021-05-03 20:00:00,short,57601.83,56449.7934,take_profit,0.01999999999999999
2021-05-05 16:00:00,2021-05-06 04:00:00,long,57136.04,56564.6796,stop_loss,-0.00999999999999996
2021-05-07 00:00:00,2021-05-07 04:00:00,short,55705.67,56262.7267,stop_loss,-0.010000000000000018
2021-05-07 12:00:00,2021-05-07 20:00:00,long,57519.24,56944.0476,stop_loss,-0.009999999999999998
2021-05-09 12:00:00,2021-05-09 20:00:00,short,57379.58,57953.3758,stop_loss,-0.009999999999999997
2021-05-10 00:00:00,2021-05-10 04:00:00,long,59356.76,58763.1924,stop_loss,-0.010000000000000035
2021-05-10 08:00:00,2021-05-10 12:00:00,short,58070.63,56909.217399999994,take_profit,0.020000000000000056
2021-05-12 04:00:00,2021-05-12 08:00:00,long,57101.07,56530.0593,stop_loss,-0.009999999999999981
2021-05-12 08:00:00,2021-05-12 12:00:00,short,56421.46,55293.0308,take_profit,0.019999999999999976
2021-05-14 16:00:00,2021-05-14 20:00:00,long,50138.09,49636.70909999999,stop_loss,-0.010000000000000075
2021-05-15 20:00:00,2021-05-16 00:00:00,short,46762.99,47230.6199,stop_loss,-0.009999999999999998
2021-05-16 00:00:00,2021-05-16 04:00:00,long,48383.46,49351.1292,take_profit,0.02000000000000008
2021-05-16 16:00:00,2021-05-16 20:00:00,short,45549.26,46004.7526,stop_loss,-0.00999999999999995
2021-05-18 04:00:00,2021-05-18 08:00:00,long,45172.7,44720.973,stop_loss,-0.009999999999999978
2021-05-19 00:00:00,2021-05-19 04:00:00,short,40591.15,39779.327,take_profit,0.020000000000000098
2021-05-20 08:00:00,2021-05-20 12:00:00,long,40475.17,41284.6734,take_profit,0.020000000000000035
2021-05-21 20:00:00,2021-05-22 00:00:00,short,37252.01,37624.5301,stop_loss,-0.010000000000000042
2021-05-22 08:00:00,2021-05-22 12:00:00,long,38157.76,37776.182400000005,stop_loss,-0.009999999999999919
2021-05-23 12:00:00,2021-05-23 16:00:00,short,33318.09,33651.270899999996,stop_loss,-0.009999999999999983
2021-05-24 04:00:00,2021-05-24 08:00:00,long,36645.79,36279.3321,stop_loss,-0.010000000000000033
2021-05-28 00:00:00,2021-05-28 04:00:00,short,38237.18,37472.4364,take_profit,0.020000000000000042
2021-05-30 12:00:00,2021-05-30 16:00:00,long,35477.0,36186.54,take_profit,0.020000000000000025
2021-06-04 04:00:00,2021-06-04 08:00:00,short,36610.29,36976.3929,stop_loss,-0.009999999999999946
2021-06-07 08:00:00,2021-06-07 12:00:00,long,36376.47,36012.7053,stop_loss,-0.009999999999999992
2021-06-07 16:00:00,2021-06-07 20:00:00,short,35634.46,34921.7708,take_profit,0.02000000000000002
2021-06-09 08:00:00,2021-06-09 12:00:00,long,34972.42,34622.6958,stop_loss,-0.009999999999999913
2021-06-12 00:00:00,2021-06-12 08:00:00,short,35571.19,34859.7662,take_profit,0.020000000000000115
2021-06-13 16:00:00,2021-06-13 20:00:00,long,37650.0,38403.0,take_profit,0.02
2021-06-16 04:00:00,2021-06-16 08:00:00,short,40126.87,39324.3326,take_profit,0.020000000000000025
2021-06-22 20:00:00,2021-06-23 00:00:00,long,32509.56,32184.4644,stop_loss,-0.010000000000000018
2021-06-25 16:00:00,2021-06-25 20:00:00,short,32220.74,31576.3252,take_profit,0.02000000000000007
2021-06-27 00:00:00,2021-06-27 04:00:00,long,33146.91,32815.4409,stop_loss,-0.010000000000000061
2021-06-30 12:00:00,2021-06-30 16:00:00,short,34193.44,34535.3744,stop_loss,-0.009999999999999948
2021-07-03 04:00:00,2021-07-04 04:00:00,long,34499.54,35189.5308,take_profit,0.019999999999999987
2021-07-05 04:00:00,2021-07-05 08:00:00,short,34256.17,33571.046599999994,take_profit,0.02000000000000012
2021-07-07 04:00:00,2021-07-07 20:00:00,long,34710.38,34363.2762,stop_loss,-0.009999999999999919
2021-07-07 20:00:00,2021-07-08 00:00:00,short,33862.12,33184.8776,take_profit,0.02000000000000008
2021-07-09 16:00:00,2021-07-10 00:00:00,long,33445.31,34114.216199999995,take_profit,0.01999999999999993
2021-07-12 16:00:00,2021-07-12 20:00:00,short,32822.85,33151.078499999996,stop_loss,-0.009999999999999922
2021-07-15 00:00:00,2021-07-15 08:00:00,long,32641.65,32315.233500000002,stop_loss,-0.00999999999999998
2021-07-15 08:00:00,2021-07-15 16:00:00,short,31880.5,31242.89,take_profit,0.020000000000000018
2021-07-16 16:00:00,2021-07-16 20:00:00,long,31911.34,31592.226599999998,stop_loss,-0.010000000000000063
2021-07-16 20:00:00,2021-07-17 08:00:00,short,31383.87,31697.7087,stop_loss,-0.010000000000000009
2021-07-17 12:00:00,2021-07-18 00:00:00,long,31764.75,32400.045000000002,take_profit,0.02000000000000006
2021-07-19 12:00:00,2021-07-20 00:00:00,short,30687.96,30994.8396,stop_loss,-0.010000000000000007
2021-07-21 04:00:00,2021-07-21 08:00:00,long,30817.84,31434.1968,take_profit,0.020000000000000046
2021-07-27 16:00:00,2021-07-27 20:00:00,short,37800.49,38178.4949,stop_loss,-0.009999999999999998
2021-07-27 20:00:00,2021-07-28 00:00:00,long,39457.87,39063.291300000004,stop_loss,-0.009999999999999953
2021-07-29 00:00:00,2021-07-29 04:00:00,short,39609.78,40005.8778,stop_loss,-0.01000000000000008
2021-07-31 04:00:00,2021-07-31 12:00:00,long,41540.32,41124.9168,stop_loss,-0.010000000000000016
2021-07-31 16:00:00,2021-07-31 20:00:00,short,41303.63,41716.6663,stop_loss,-0.009999999999999995
2021-08-01 00:00:00,2021-08-01 04:00:00,long,42435.13,42010.778699999995,stop_loss,-0.01000000000000005
2021-08-01 04:00:00,2021-08-01 16:00:00,short,41701.26,40867.2348,take_profit,0.020000000000000087
2021-08-04 16:00:00,2021-08-05 00:00:00,long,39752.17,39354.6483,stop_loss,-0.009999999999999938
2021-08-08 20:00:00,2021-08-09 00:00:00,short,43794.37,42918.4826,take_profit,0.01999999999999999
2021-08-09 12:00:00,2021-08-09 20:00:00,long,45870.75,45412.0425,stop_loss,-0.00999999999999993
2021-08-10 08:00:00,2021-08-10 12:00:00,short,45345.05,45798.5005,stop_loss,-0.009999999999999978
2021-08-13 16:00:00,2021-08-13 20:00:00,long,46459.86,47389.0572,take_profit,0.02000000000000005
2021-08-15 04:00:00,2021-08-15 12:00:00,short,45742.92,46200.3492,stop_loss,-0.00999999999999997
2021-08-16 08:00:00,2021-08-16 12:00:00,long,47516.95,47041.78049999999,stop_loss,-0.010000000000000077
2021-08-16 12:00:00,2021-08-17 00:00:00,short,46344.03,45417.149399999995,take_profit,0.020000000000000087
2021-08-19 16:00:00,2021-08-20 12:00:00,long,46710.0,47644.200000000004,take_profit,0.020000000000000094
2021-08-22 16:00:00,2021-08-22 20:00:00,short,48647.85,49134.328499999996,stop_loss,-0.009999999999999948
2021-08-23 00:00:00,2021-08-23 12:00:00,long,50260.0,49757.4,stop_loss,-0.00999999999999997
2021-08-23 16:00:00,2021-08-23 20:00:00,short,49239.69,49732.0869,stop_loss,-0.009999999999999993
2021-08-27 16:00:00,2021-08-28 00:00:00,long,48293.69,49259.5638,take_profit,0.020000000000000025
2021-08-30 00:00:00,2021-08-30 16:00:00,short,47964.04,48443.680400000005,stop_loss,-0.01000000000000008
2021-09-01 16:00:00,2021-09-02 00:00:00,long,48150.0,49113.0,take_profit,0.02
2021-09-04 16:00:00,2021-09-05 12:00:00,short,49974.82,50474.5682,stop_loss,-0.010000000000000037
2021-09-05 20:00:00,2021-09-06 12:00:00,long,51756.88,51239.3112,stop_loss,-0.010000000000000018
2021-09-07 12:00:00,2021-09-07 16:00:00,short,46656.07,47122.6307,stop_loss,-0.010000000000000038
2021-09-10 00:00:00,2021-09-10 04:00:00,long,46719.71,46252.5129,stop_loss,-0.009999999999999948
2021-09-10 20:00:00,2021-09-11 00:00:00,short,44850.91,45299.41910000001,stop_loss,-0.010000000000000064
2021-09-11 08:00:00,2021-09-11 20:00:00,long,45555.04,45099.4896,stop_loss,-0.010000000000000002
2021-09-17 08:00:00,2021-09-18 00:00:00,short,47403.56,47877.5956,stop_loss,-0.010000000000000061
2021-09-18 08:00:00,2021-09-18 20:00:00,long,48367.16,47883.4884,stop_loss,-0.01000000000000003
2021-09-19 00:00:00,2021-09-19 08:00:00,short,47844.88,48323.328799999996,stop_loss,-0.009999999999999966
2021-09-22 16:00:00,2021-09-23 04:00:00,long,43384.9,44252.598000000005,take_profit,0.02000000000000009
2021-09-24 16:00:00,2021-09-24 20:00:00,short,42371.43,42795.1443,stop_loss,-0.009999999999999992
2021-09-25 16:00:00,2021-09-26 00:00:00,long,42665.95,42239.290499999996,stop_loss,-0.010000000000000038
2021-09-26 04:00:00,2021-09-26 08:00:00,short,41231.34,41643.653399999996,stop_loss,-0.00999999999999998
2021-09-26 08:00:00,2021-09-26 20:00:00,long,43063.57,43924.8414,take_profit,0.01999999999999995
2021-09-28 04:00:00,2021-09-28 12:00:00,short,41775.25,42193.0025,stop_loss,-0.010000000000000056
2021-09-29 08:00:00,2021-09-29 12:00:00,long,42399.98,41975.980200000005,stop_loss,-0.009999999999999946
2021-09-29 12:00:00,2021-09-30 00:00:00,short,41698.98,42115.969800000006,stop_loss,-0.010000000000000071
2021-09-30 00:00:00,2021-09-30 08:00:00,long,43591.23,43155.3177,stop_loss,-0.010000000000000082
2021-10-03 12:00:00,2021-10-03 16:00:00,short,47879.82,48358.6182,stop_loss,-0.009999999999999946
2021-10-03 16:00:00,2021-10-03 20:00:00,long,48774.76,48287.0124,stop_loss,-0.010000000000000049
2021-10-03 20:00:00,2021-10-04 04:00:00,short,48200.01,47236.0098,take_profit,0.020000000000000046
2021-10-05 08:00:00,2021-10-05 16:00:00,long,49877.06,50874.6012,take_profit,0.019999999999999993
2021-10-07 20:00:00,2021-10-08 00:00:00,short,53785.22,54323.0722,stop_loss,-0.010000000000000021
2021-10-11 12:00:00,2021-10-11 20:00:00,long,57490.18,56915.2782,stop_loss,-0.009999999999999993
2021-10-12 08:00:00,2021-10-12 12:00:00,short,57240.14,56095.3372,take_profit,0.01999999999999996
2021-10-14 00:00:00,2021-10-14 04:00:00,long,58065.99,57485.3301,stop_loss,-0.00999999999999998
2021-10-17 00:00:00,2021-10-17 20:00:00,short,61115.85,59893.532999999996,take_profit,0.020000000000000046
2021-10-19 16:00:00,2021-10-20 04:00:00,long,64177.15,63535.3785,stop_loss,-0.01000000000000004
2021-10-21 12:00:00,2021-10-21 16:00:00,short,62971.2,63600.912,stop_loss,-0.009999999999999993
2021-10-25 00:00:00,2021-10-25 12:00:00,long,62084.26,63325.9452,take_profit,0.019999999999999997
2021-10-26 20:00:00,2021-10-27 04:00:00,short,60328.81,60932.098099999996,stop_loss,-0.009999999999999966
2021-10-28 12:00:00,2021-10-28 16:00:00,long,61138.62,60527.2338,stop_loss,-0.010000000000000012
2021-10-31 08:00:00,2021-10-31 20:00:00,short,60467.81,61072.488099999995,stop_loss,-0.009999999999999957
2021-11-01 08:00:00,2021-11-01 16:00:00,long,61807.99,61189.9101,stop_loss,-0.009999999999999952
2021-11-01 20:00:00,2021-11-02 00:00:00,short,60911.11,61520.2211,stop_loss,-0.010000000000000031
2021-11-02 04:00:00,2021-11-02 08:00:00,long,61521.13,62751.552599999995,take_profit,0.01999999999999997
2021-11-04 00:00:00,2021-11-04 12:00:00,short,62420.0,61171.6,take_profit,0.020000000000000025
2021-11-07 00:00:00,2021-11-07 08:00:00,long,62133.04,61511.7096,stop_loss,-0.009999999999999983
2021-11-10 04:00:00,2021-11-10 08:00:00,short,66426.43,67090.69429999999,stop_loss,-0.009999999999999929
2021-11-14 04:00:00,2021-11-14 16:00:00,long,64627.58,63981.3042,stop_loss,-0.010000000000000047
2021-11-15 20:00:00,2021-11-16 00:00:00,short,63606.74,62334.6052,take_profit,0.019999999999999997
2021-11-19 16:00:00,2021-11-20 16:00:00,long,58033.05,57452.7195,stop_loss,-0.010000000000000063
2021-11-22 08:00:00,2021-11-22 12:00:00,short,57180.51,57752.3151,stop_loss,-0.00999999999999996
2021-11-22 12:00:00,2021-11-22 16:00:00,long,58194.79,57612.8421,stop_loss,-0.009999999999999986
2021-11-22 16:00:00,2021-11-22 20:00:00,short,55993.03,56552.9603,stop_loss,-0.01
2021-11-23 16:00:00,2021-11-24 00:00:00,long,57778.2,57200.418,stop_loss,-0.009999999999999988
2021-11-26 08:00:00,2021-11-26 12:00:00,short,53719.3,54256.493,stop_loss,-0.009999999999999986
2021-11-28 16:00:00,2021-11-28 20:00:00,long,54617.85,55710.207,take_profit,0.020000000000000066
2021-12-02 00:00:00,2021-12-02 04:00:00,short,56300.12,56863.1212,stop_loss,-0.009999999999999978
2021-12-06 00:00:00,2021-12-06 04:00:00,long,49018.47,48528.2853,stop_loss,-0.009999999999999959
2021-12-09 12:00:00,2021-12-09 20:00:00,short,48464.09,47494.80819999999,take_profit,0.02000000000000009
2021-12-11 08:00:00,2021-12-11 16:00:00,long,48240.44,49205.2488,take_profit,0.019999999999999976
2021-12-13 12:00:00,2021-12-13 16:00:00,short,47252.02,47724.540199999996,stop_loss,-0.00999999999999998
2021-12-15 00:00:00,2021-12-15 12:00:00,long,48262.41,47779.7859,stop_loss,-0.010000000000000018
2021-12-17 04:00:00,2021-12-17 12:00:00,short,47007.25,46067.104999999996,take_profit,0.020000000000000087
2021-12-19 00:00:00,2021-12-19 08:00:00,long,47712.38,47235.256199999996,stop_loss,-0.010000000000000026
2021-12-20 08:00:00,2021-12-20 16:00:00,short,46092.6,46553.526,stop_loss,-0.00999999999999999
2021-12-20 20:00:00,2021-12-21 00:00:00,long,46914.16,47852.4432,take_profit,0.019999999999999955
2021-12-23 04:00:00,2021-12-23 12:00:00,short,48129.6,48610.896,stop_loss,-0.010000000000000044
2021-12-23 16:00:00,2021-12-23 20:00:00,long,51109.99,50598.8901,stop_loss,-0.010000000000000021
2021-12-25 12:00:00,2021-12-26 00:00:00,short,50659.91,49646.711800000005,take_profit,0.019999999999999976
2021-12-27 16:00:00,2021-12-27 20:00:00,long,51204.64,50692.5936,stop_loss,-0.009999999999999986
2021-12-27 20:00:00,2021-12-28 00:00:00,short,50701.44,49687.4112,take_profit,0.02
2021-12-31 00:00:00,2021-12-31 08:00:00,long,47201.85,48145.887,take_profit,0.020000000000000084
2021-12-31 20:00:00,2022-01-01 00:00:00,short,46216.93,46679.0993,stop_loss,-0.01000000000000003
2022-01-01 00:00:00,2022-01-01 16:00:00,long,46813.2,47749.464,take_profit,0.020000000000000063
2022-01-03 20:00:00,2022-01-04 12:00:00,short,46446.1,46910.561,stop_loss,-0.010000000000000064
2022-01-04 12:00:00,2022-01-04 16:00:00,long,46925.35,46456.0965,stop_loss,-0.009999999999999976
2022-01-04 16:00:00,2022-01-05 00:00:00,short,46052.36,46512.8836,stop_loss,-0.010000000000000009
2022-01-05 12:00:00,2022-01-05 16:00:00,long,46622.53,46156.3047,stop_loss,-0.009999999999999962
2022-01-05 16:00:00,2022-01-05 20:00:00,short,44685.93,43792.2114,take_profit,0.020000000000000004
2022-01-08 08:00:00,2022-01-08 12:00:00,long,41940.22,41520.817800000004,stop_loss,-0.009999999999999924
2022-01-13 20:00:00,2022-01-14 12:00:00,short,42560.11,42985.7111,stop_loss,-0.009999999999999997
2022-01-15 12:00:00,2022-01-16 00:00:00,long,43401.21,42967.1979,stop_loss,-0.009999999999999998
2022-01-16 08:00:00,2022-01-16 12:00:00,short,42968.29,43397.9729,stop_loss,-0.009999999999999995
2022-01-20 00:00:00,2022-01-20 12:00:00,long,41924.97,42763.4694,take_profit,0.020000000000000014
2022-01-21 00:00:00,2022-01-21 04:00:00,short,38465.65,38850.3065,stop_loss,-0.00999999999999993
2022-01-23 20:00:00,2022-01-24 00:00:00,long,36244.55,35882.1045,stop_loss,-0.010000000000000044
2022-01-31 00:00:00,2022-01-31 08:00:00,short,37025.68,37395.9368,stop_loss,-0.010000000000000077
2022-01-31 20:00:00,2022-02-01 08:00:00,long,38466.9,38082.231,stop_loss,-0.010000000000000044
2022-02-02 12:00:00,2022-02-02 20:00:00,short,37429.78,36681.1844,take_profit,0.020000000000000014
2022-02-04 08:00:00,2022-02-04 12:00:00,long,37810.0,37431.9,stop_loss,-0.009999999999999962
2022-02-08 16:00:00,2022-02-08 20:00:00,short,42998.65,43428.6365,stop_loss,-0.009999999999999978
2022-02-14 12:00:00,2022-02-14 16:00:00,long,42584.97,42159.1203,stop_loss,-0.009999999999999972
2022-02-14 16:00:00,2022-02-14 20:00:00,short,42119.31,42540.503099999994,stop_loss,-0.009999999999999924
2022-02-14 20:00:00,2022-02-15 00:00:00,long,42535.94,43386.658800000005,take_profit,0.020000000000000056
2022-02-17 04:00:00,2022-02-17 08:00:00,short,43919.46,43041.0708,take_profit,0.019999999999999952
2022-02-21 04:00:00,2022-02-21 08:00:00,long,39294.07,38901.1293,stop_loss,-0.00999999999999998
2022-02-21 08:00:00,2022-02-21 12:00:00,short,37577.33,37953.1033,stop_loss,-0.01000000000000002
2022-02-21 12:00:00,2022-02-21 16:00:00,long,38827.94,38439.6606,stop_loss,-0.009999999999999985
2022-02-21 20:00:00,2022-02-22 00:00:00,short,37008.16,37378.2416,stop_loss,-0.009999999999999938
2022-02-22 12:00:00,2022-02-22 16:00:00,long,37759.9,37382.301,stop_loss,-0.010000000000000052
2022-02-24 00:00:00,2022-02-24 04:00:00,short,34936.89,35286.2589,stop_loss,-0.010000000000000037
2022-02-24 20:00:00,2022-02-25 12:00:00,long,38327.21,39093.7542,take_profit,0.0200000000000001
2022-02-27 16:00:00,2022-02-27 20:00:00,short,37606.49,37982.554899999996,stop_loss,-0.009999999999999936
2022-02-28 12:00:00,2022-02-28 20:00:00,long,40824.96,41641.4592,take_profit,0.019999999999999962
2022-03-03 00:00:00,2022-03-03 12:00:00,short,43305.77,43738.827699999994,stop_loss,-0.009999999999999945
2022-03-07 12:00:00,2022-03-07 16:00:00,long,39071.48,38680.7652,stop_loss,-0.010000000000000038
2022-03-07 16:00:00,2022-03-07 20:00:00,short,37308.94,37682.0294,stop_loss,-0.009999999999999922
2022-03-08 00:00:00,2022-03-08 04:00:00,long,38695.87,38308.9113,stop_loss,-0.010000000000000073
2022-03-10 12:00:00,2022-03-10 20:00:00,short,39179.54,39571.3354,stop_loss,-0.010000000000000068
2022-03-14 08:00:00,2022-03-14 16:00:00,long,38897.64,38508.6636,stop_loss,-0.009999999999999988
2022-03-18 08:00:00,2022-03-18 12:00:00,short,40390.41,40794.3141,stop_loss,-0.009999999999999993
2022-03-18 16:00:00,2022-03-19 00:00:00,long,42042.72,41622.2928,stop_loss,-0.009999999999999959
2022-03-20 08:00:00,2022-03-21 00:00:00,short,41586.86,40755.1228,take_profit,0.020000000000000077
2022-03-22 08:00:00,2022-03-22 16:00:00,long,42983.0,42553.17,stop_loss,-0.01000000000000004
2022-03-23 08:00:00,2022-03-23 12:00:00,short,42039.78,42460.1778,stop_loss,-0.009999999999999972
2022-03-23 12:00:00,2022-03-23 16:00:00,long,42618.18,42191.9982,stop_loss,-0.009999999999999964
2022-03-23 16:00:00,2022-03-23 20:00:00,short,42216.79,42638.9579,stop_loss,-0.010000000000000009
2022-03-23 20:00:00,2022-03-24 12:00:00,long,42882.76,43740.4152,take_profit,0.020000000000000025
2022-03-26 12:00:00,2022-03-26 20:00:00,short,44205.31,44647.363099999995,stop_loss,-0.009999999999999941
2022-03-27 20:00:00,2022-03-28 12:00:00,long,46827.76,47764.315200000005,take_profit,0.020000000000000052
2022-03-29 20:00:00,2022-03-30 00:00:00,short,47434.8,46486.104,take_profit,0.020000000000000073
2022-04-02 08:00:00,2022-04-02 16:00:00,long,46542.84,46077.4116,stop_loss,-0.009999999999999938
2022-04-02 16:00:00,2022-04-03 12:00:00,short,46120.24,46581.4424,stop_loss,-0.010000000000000042
2022-04-03 12:00:00,2022-04-03 20:00:00,long,46412.49,47340.739799999996,take_profit,0.019999999999999952
2022-04-04 04:00:00,2022-04-04 16:00:00,short,46173.99,45250.5102,take_profit,0.02000000000000002
2022-04-04 20:00:00,2022-04-05 12:00:00,long,46580.51,46114.704900000004,stop_loss,-0.009999999999999952
2022-04-05 16:00:00,2022-04-06 00:00:00,short,46032.5,45111.85,take_profit,0.02000000000000003
2022-04-08 12:00:00,2022-04-08 16:00:00,long,43648.01,43211.5299,stop_loss,-0.010000000000000016
2022-04-08 16:00:00,2022-04-10 16:00:00,short,42730.84,43158.1484,stop_loss,-0.01000000000000004
2022-04-11 08:00:00,2022-04-11 16:00:00,short,41067.63,40246.2774,take_profit,0.019999999999999962
2022-04-13 04:00:00,2022-04-13 08:00:00,long,40130.0,39728.7,stop_loss,-0.010000000000000073
2022-04-18 00:00:00,2022-04-18 04:00:00,short,39813.17,39016.906599999995,take_profit,0.020000000000000087
2022-04-18 16:00:00,2022-04-19 12:00:00,long,40680.68,41494.293600000005,take_profit,0.020000000000000104
2022-04-21 20:00:00,2022-04-22 12:00:00,short,40480.01,39670.4098,take_profit,0.020000000000000018
2022-04-25 16:00:00,2022-04-26 12:00:00,long,40225.97,39823.7103,stop_loss,-0.010000000000000057
2022-04-26 16:00:00,2022-04-27 04:00:00,short,38270.03,38652.730299999996,stop_loss,-0.009999999999999917
2022-04-27 20:00:00,2022-04-28 12:00:00,long,39235.72,40020.4344,take_profit,0.019999999999999924
2022-04-29 16:00:00,2022-04-30 00:00:00,short,38331.54,38714.8554,stop_loss,-0.009999999999999986
2022-05-02 04:00:00,2022-05-02 08:00:00,long,38881.47,38492.6553,stop_loss,-0.010000000000000068
2022-05-03 16:00:00,2022-05-04 00:00:00,short,37717.49,38094.664899999996,stop_loss,-0.009999999999999952
2022-05-04 04:00:00,2022-05-04 16:00:00,long,38701.32,39475.3464,take_profit,0.020000000000000063
2022-05-05 12:00:00,2022-05-05 16:00:00,short,36909.67,37278.7667,stop_loss,-0.01000000000000005
2022-05-11 00:00:00,2022-05-11 04:00:00,long,31205.96,30893.9004,stop_loss,-0.010000000000000016
2022-05-11 20:00:00,2022-05-12 00:00:00,short,29103.94,29394.9794,stop_loss,-0.01000000000000005
2022-05-12 20:00:00,2022-05-13 00:00:00,long,29029.75,29610.345,take_profit,0.02000000000000004
2022-05-18 12:00:00,2022-05-18 16:00:00,short,28984.99,29274.839900000003,stop_loss,-0.010000000000000037
2022-05-19 12:00:00,2022-05-19 16:00:00,long,30389.45,30085.555500000002,stop_loss,-0.009999999999999952
2022-05-20 16:00:00,2022-05-21 12:00:00,short,29291.55,29584.4655,stop_loss,-0.00999999999999997
2022-05-22 08:00:00,2022-05-23 04:00:00,long,29897.52,30495.470400000002,take_profit,0.020000000000000052
2022-05-23 20:00:00,2022-05-24 04:00:00,short,29109.15,29400.2415,stop_loss,-0.009999999999999953
2022-05-25 00:00:00,2022-05-25 04:00:00,long,30198.09,29896.1091,stop_loss,-0.009999999999999955
2022-05-25 20:00:00,2022-05-26 00:00:00,short,29542.15,29837.571500000002,stop_loss,-0.010000000000000012
2022-05-26 00:00:00,2022-05-26 04:00:00,long,29837.16,29538.7884,stop_loss,-0.009999999999999952
2022-05-26 08:00:00,2022-05-26 12:00:00,short,28998.4,29288.384000000002,stop_loss,-0.010000000000000012
2022-05-28 16:00:00,2022-05-30 00:00:00,long,29019.82,29600.2164,take_profit,0.02000000000000005
2022-06-01 12:00:00,2022-06-01 16:00:00,short,30742.59,30127.7382,take_profit,0.02000000000000001
2022-06-05 12:00:00,2022-06-06 00:00:00,long,29972.22,30571.6644,take_profit,0.02000000000000001
2022-06-07 04:00:00,2022-06-07 12:00:00,short,29585.12,29880.9712,stop_loss,-0.010000000000000033
2022-06-07 20:00:00,2022-06-08 00:00:00,long,31125.33,30814.0767,stop_loss,-0.010000000000000009
2022-06-08 00:00:00,2022-06-08 04:00:00,short,30026.72,30326.987200000003,stop_loss,-0.010000000000000068
2022-06-15 16:00:00,2022-06-15 20:00:00,long,21632.04,22064.680800000002,take_profit,0.020000000000000046
2022-06-18 16:00:00,2022-06-18 20:00:00,short,18067.6,18248.275999999998,stop_loss,-0.009999999999999972
2022-06-19 08:00:00,2022-06-19 12:00:00,long,19692.5,19495.575,stop_loss,-0.009999999999999964
2022-06-22 20:00:00,2022-06-23 00:00:00,short,19987.99,20187.8699,stop_loss,-0.009999999999999995
2022-06-23 04:00:00,2022-06-23 16:00:00,long,20461.83,20257.2117,stop_loss,-0.010000000000000092
2022-06-26 20:00:00,2022-06-27 04:00:00,short,21038.07,21248.4507,stop_loss,-0.010000000000000073
2022-07-02 08:00:00,2022-07-03 04:00:00,long,19195.21,19003.2579,stop_loss,-0.009999999999999927
2022-07-09 08:00:00,2022-07-09 12:00:00,short,21447.29,21661.7629,stop_loss,-0.01000000000000003
2022-07-13 20:00:00,2022-07-14 04:00:00,long,20234.87,20032.5213,stop_loss,-0.009999999999999934
2022-07-17 20:00:00,2022-07-18 00:00:00,short,20798.16,21006.1416,stop_loss,-0.00999999999999996
2022-07-18 04:00:00,2022-07-18 08:00:00,long,22245.93,22023.4707,stop_loss,-0.009999999999999938
2022-07-21 00:00:00,2022-07-21 04:00:00,short,22777.2,23004.972,stop_loss,-0.010000000000000037
2022-07-27 12:00:00,2022-07-27 16:00:00,long,21530.86,21961.4772,take_profit,0.020000000000000028
2022-07-30 20:00:00,2022-07-31 00:00:00,short,23643.51,23879.945099999997,stop_loss,-0.00999999999999995
2022-08-03 12:00:00,2022-08-03 20:00:00,long,23352.76,23119.232399999997,stop_loss,-0.010000000000000054
2022-08-03 20:00:00,2022-08-04 00:00:00,short,22818.37,23046.5537,stop_loss,-0.010000000000000063
2022-08-04 00:00:00,2022-08-04 04:00:00,long,23095.74,22864.782600000002,stop_loss,-0.00999999999999997
2022-08-04 04:00:00,2022-08-04 16:00:00,short,22947.92,22488.9616,take_profit,0.01999999999999998
2022-08-05 04:00:00,2022-08-05 12:00:00,long,23186.08,22954.219200000003,stop_loss,-0.009999999999999938
2022-08-07 04:00:00,2022-08-07 16:00:00,short,23015.95,23246.109500000002,stop_loss,-0.010000000000000068
2022-08-07 16:00:00,2022-08-08 04:00:00,long,23161.02,23624.240400000002,take_profit,0.020000000000000084
2022-08-09 12:00:00,2022-08-10 12:00:00,short,23075.0,23305.75,stop_loss,-0.01
2022-08-10 16:00:00,2022-08-10 20:00:00,long,23638.95,24111.729,take_profit,0.01999999999999994
2022-08-12 08:00:00,2022-08-12 12:00:00,short,23672.99,23909.7199,stop_loss,-0.009999999999999934
2022-08-12 20:00:00,2022-08-14 04:00:00,long,24403.68,24891.7536,take_profit,0.019999999999999987
2022-08-14 12:00:00,2022-08-15 00:00:00,short,24524.54,24769.7854,stop_loss,-0.009999999999999992
2022-08-21 04:00:00,2022-08-21 20:00:00,long,21251.38,21676.407600000002,take_profit,0.02000000000000006
2022-08-26 12:00:00,2022-08-26 20:00:00,short,20781.08,20365.4584,take_profit,0.020000000000000104
2022-08-29 08:00:00,2022-08-29 12:00:00,long,19825.09,20221.591800000002,take_profit,0.02000000000000009
2022-09-01 16:00:00,2022-09-01 20:00:00,short,19871.68,20070.396800000002,stop_loss,-0.010000000000000099
2022-09-01 20:00:00,2022-09-02 16:00:00,long,20131.46,19930.145399999998,stop_loss,-0.010000000000000077
2022-09-03 04:00:00,2022-09-04 20:00:00,short,19815.63,20013.7863,stop_loss,-0.009999999999999936
2022-09-06 16:00:00,2022-09-06 20:00:00,short,18824.41,19012.6541,stop_loss,-0.009999999999999995
2022-09-08 04:00:00,2022-09-09 00:00:00,long,19171.66,19555.0932,take_profit,0.019999999999999973
2022-09-12 00:00:00,2022-09-12 04:00:00,short,21656.87,21873.4387,stop_loss,-0.009999999999999992
2022-09-12 04:00:00,2022-09-12 08:00:00,long,22193.64,21971.7036,stop_loss,-0.009999999999999941
2022-09-13 04:00:00,2022-09-13 08:00:00,short,22273.09,22495.8209,stop_loss,-0.00999999999999994
2022-09-17 00:00:00,2022-09-18 16:00:00,long,19884.93,19686.0807,stop_loss,-0.010000000000000083
2022-09-19 00:00:00,2022-09-19 04:00:00,short,18776.93,18401.3914,take_profit,0.019999999999999993
2022-09-19 20:00:00,2022-09-20 00:00:00,long,19537.02,19341.6498,stop_loss,-0.010000000000000061
2022-09-21 20:00:00,2022-09-22 00:00:00,short,18461.36,18645.9736,stop_loss,-0.010000000000000031
2022-09-22 04:00:00,2022-09-22 12:00:00,long,18934.29,19312.9758,take_profit,0.019999999999999962
2022-09-25 20:00:00,2022-09-26 08:00:00,short,18807.38,18995.453800000003,stop_loss,-0.010000000000000103
2022-09-26 12:00:00,2022-09-27 00:00:00,long,19113.48,19495.7496,take_profit,0.01999999999999998
2022-09-28 00:00:00,2022-09-28 08:00:00,short,18745.65,18933.1065,stop_loss,-0.010000000000000012
2022-09-29 00:00:00,2022-09-29 04:00:00,long,19507.5,19312.425,stop_loss,-0.010000000000000037
2022-09-29 12:00:00,2022-09-29 16:00:00,short,19288.85,19481.7385,stop_loss,-0.010000000000000049
2022-09-29 20:00:00,2022-09-30 00:00:00,long,19591.51,19395.5949,stop_loss,-0.009999999999999917
2022-10-01 00:00:00,2022-10-02 20:00:00,short,19416.05,19027.729,take_profit,0.019999999999999997
2022-10-03 16:00:00,2022-10-04 04:00:00,long,19541.38,19932.2076,take_profit,0.020000000000000025
2022-10-06 12:00:00,2022-10-06 16:00:00,short,20010.0,20210.1,stop_loss,-0.009999999999999927
2022-10-12 08:00:00,2022-10-13 08:00:00,long,19114.62,18923.4738,stop_loss,-0.00999999999999996
2022-10-13 08:00:00,2022-10-13 12:00:00,short,18753.2,18940.732,stop_loss,-0.009999999999999959
2022-10-13 16:00:00,2022-10-14 00:00:00,long,19369.94,19757.338799999998,take_profit,0.019999999999999952
2022-10-15 08:00:00,2022-10-16 16:00:00,short,19167.33,19359.0033,stop_loss,-0.009999999999999924
2022-10-16 16:00:00,2022-10-16 20:00:00,long,19375.39,19181.6361,stop_loss,-0.009999999999999985
2022-10-18 16:00:00,2022-10-18 20:00:00,short,19216.21,19408.3721,stop_loss,-0.010000000000000071
2022-10-21 20:00:00,2022-10-23 16:00:00,long,19164.37,19547.6574,take_profit,0.020000000000000056
2022-10-25 08:00:00,2022-10-25 12:00:00,short,19302.13,19495.1513,stop_loss,-0.010000000000000018
2022-10-25 12:00:00,2022-10-25 16:00:00,long,19748.48,20143.4496,take_profit,0.020000000000000018
2022-10-27 20:00:00,2022-10-28 12:00:00,short,20295.11,20498.0611,stop_loss,-0.00999999999999992
2022-10-29 12:00:00,2022-10-29 20:00:00,long,20923.33,20714.096700000002,stop_loss,-0.009999999999999993
2022-10-29 20:00:00,2022-10-31 12:00:00,short,20809.67,20393.476599999998,take_profit,0.020000000000000007
2022-11-04 04:00:00,2022-11-04 12:00:00,long,20611.56,20405.4444,stop_loss,-0.010000000000000047
2022-11-06 16:00:00,2022-11-07 04:00:00,short,21194.5,20770.61,take_profit,0.019999999999999973
2022-11-10 20:00:00,2022-11-11 00:00:00,long,17601.15,17425.1385,stop_loss,-0.01000000000000003
2022-11-20 20:00:00,2022-11-21 00:00:00,short,16280.23,15954.625399999999,take_profit,0.020000000000000035
2022-11-22 16:00:00,2022-11-23 00:00:00,long,16168.38,16491.7476,take_profit,0.019999999999999976
2022-11-25 20:00:00,2022-11-26 00:00:00,short,16522.14,16687.361399999998,stop_loss,-0.009999999999999912
2022-11-26 00:00:00,2022-11-26 16:00:00,long,16625.79,16459.5321,stop_loss,-0.010000000000000031
2022-11-29 08:00:00,2022-11-29 12:00:00,long,16497.64,16332.6636,stop_loss,-0.009999999999999974
2022-12-02 04:00:00,2022-12-03 00:00:00,short,16955.82,17125.3782,stop_loss,-0.00999999999999997
2022-12-05 00:00:00,2022-12-05 12:00:00,long,17196.88,17024.911200000002,stop_loss,-0.009999999999999926
2022-12-05 16:00:00,2022-12-06 00:00:00,short,16926.65,17095.916500000003,stop_loss,-0.01000000000000009
2022-12-08 16:00:00,2022-12-09 12:00:00,long,17251.62,17079.103799999997,stop_loss,-0.010000000000000108
2022-12-11 00:00:00,2022-12-13 08:00:00,short,17153.61,17325.1461,stop_loss,-0.010000000000000068
2022-12-15 08:00:00,2022-12-15 16:00:00,short,17720.33,17365.9234,take_profit,0.020000000000000115
2022-12-18 20:00:00,2022-12-19 16:00:00,long,16738.21,16570.8279,stop_loss,-0.009999999999999934
2022-12-19 20:00:00,2022-12-20 00:00:00,short,16438.88,16603.2688,stop_loss,-0.010000000000000038
2022-12-20 00:00:00,2022-12-22 16:00:00,long,16727.24,16559.9676,stop_loss,-0.010000000000000097
2022-12-22 16:00:00,2022-12-22 20:00:00,short,16662.13,16828.7513,stop_loss,-0.009999999999999933
2022-12-22 20:00:00,2022-12-27 16:00:00,long,16821.43,16653.2157,stop_loss,-0.009999999999999978
2022-12-30 00:00:00,2022-12-30 04:00:00,long,16599.08,16433.089200000002,stop_loss,-0.009999999999999974
2022-12-30 04:00:00,2022-12-30 20:00:00,short,16474.93,16639.6793,stop_loss,-0.009999999999999969
2022-12-30 20:00:00,2023-01-04 16:00:00,long,16607.48,16939.6296,take_profit,0.02000000000000004
2023-01-06 00:00:00,2023-01-06 20:00:00,short,16833.56,17001.8956,stop_loss,-0.009999999999999912
2023-01-06 20:00:00,2023-01-09 12:00:00,long,16950.65,17289.663,take_profit,0.01999999999999994
2023-01-15 16:00:00,2023-01-16 00:00:00,short,20870.15,21078.8515,stop_loss,-0.009999999999999962
2023-01-20 20:00:00,2023-01-21 00:00:00,long,22667.21,22440.5379,stop_loss,-0.00999999999999999
2023-01-22 20:00:00,2023-01-23 08:00:00,short,22707.88,22934.9588,stop_loss,-0.009999999999999969
2023-01-29 08:00:00,2023-01-29 16:00:00,long,23432.17,23900.8134,take_profit,0.02000000000000004
2023-01-30 12:00:00,2023-01-30 16:00:00,short,23178.51,22714.939799999996,take_profit,0.020000000000000084
2023-02-01 16:00:00,2023-02-02 00:00:00,long,23385.99,23853.7098,take_profit,0.019999999999999952
2023-02-03 08:00:00,2023-02-05 12:00:00,short,23534.13,23063.4474,take_profit,0.020000000000000004
2023-02-07 16:00:00,2023-02-08 12:00:00,long,23091.9,22860.981,stop_loss,-0.010000000000000073
2023-02-09 00:00:00,2023-02-09 08:00:00,short,22518.44,22743.6244,stop_loss,-0.010000000000000085
2023-02-11 20:00:00,2023-02-12 20:00:00,long,21862.55,21643.924499999997,stop_loss,-0.010000000000000089
2023-02-17 08:00:00,2023-02-17 12:00:00,short,23789.82,24027.7182,stop_loss,-0.009999999999999985
2023-02-17 20:00:00,2023-02-19 16:00:00,long,24569.97,24324.2703,stop_loss,-0.010000000000000042
2023-02-26 08:00:00,2023-02-27 12:00:00,long,23253.44,23718.5088,take_profit,0.020000000000000042
2023-03-03 00:00:00,2023-03-05 00:00:00,short,22319.69,22542.886899999998,stop_loss,-0.009999999999999957
2023-03-05 04:00:00,2023-03-07 12:00:00,long,22375.7,22151.943,stop_loss,-0.010000000000000063
2023-03-08 04:00:00,2023-03-08 12:00:00,short,21971.03,22190.740299999998,stop_loss,-0.009999999999999946
2023-03-11 16:00:00,2023-03-12 16:00:00,long,20220.96,20625.3792,take_profit,0.020000000000000014
2023-03-15 16:00:00,2023-03-15 20:00:00,short,24366.71,24610.377099999998,stop_loss,-0.00999999999999995
2023-03-17 04:00:00,2023-03-17 08:00:00,long,26058.45,26579.619000000002,take_profit,0.020000000000000063
2023-03-18 20:00:00,2023-03-19 00:00:00,short,26907.49,27176.5649,stop_loss,-0.009999999999999985
2023-03-26 20:00:00,2023-03-27 04:00:00,long,27968.05,27688.3695,stop_loss,-0.00999999999999995
2023-03-27 12:00:00,2023-03-27 16:00:00,short,26903.62,27172.656199999998,stop_loss,-0.00999999999999995
2023-03-29 04:00:00,2023-03-29 08:00:00,long,28086.82,28648.5564,take_profit,0.020000000000000056
2023-03-31 04:00:00,2023-03-31 12:00:00,short,27738.48,28015.8648,stop_loss,-0.009999999999999993
2023-03-31 16:00:00,2023-04-02 12:00:00,long,28469.31,28184.6169,stop_loss,-0.010000000000000014
2023-04-04 20:00:00,2023-04-05 00:00:00,long,28165.47,28728.779400000003,take_profit,0.020000000000000066
2023-04-06 00:00:00,2023-04-09 20:00:00,short,28128.42,28409.7042,stop_loss,-0.010000000000000068
2023-04-12 20:00:00,2023-04-13 00:00:00,short,29888.07,30186.9507,stop_loss,-0.01000000000000005
2023-04-14 04:00:00,2023-04-14 12:00:00,long,30733.72,30426.3828,stop_loss,-0.010000000000000057
2023-04-14 12:00:00,2023-04-15 00:00:00,short,30237.89,30540.2689,stop_loss,-0.00999999999999999
2023-04-18 12:00:00,2023-04-19 08:00:00,long,30184.86,29883.0114,stop_loss,-0.010000000000000038
2023-04-19 08:00:00,2023-04-19 20:00:00,short,29310.65,28724.437,take_profit,0.01999999999999999
2023-04-22 20:00:00,2023-04-23 00:00:00,long,27816.85,27538.6815,stop_loss,-0.009999999999999992
2023-04-29 04:00:00,2023-04-30 12:00:00,short,29345.54,29638.9954,stop_loss,-0.009999999999999962
2023-05-03 00:00:00,2023-05-03 12:00:00,long,28520.9,28235.691000000003,stop_loss,-0.009999999999999962
2023-05-06 12:00:00,2023-05-06 16:00:00,short,28576.61,28862.3761,stop_loss,-0.010000000000000026
2023-05-10 08:00:00,2023-05-10 12:00:00,long,27677.09,28230.6318,take_profit,0.019999999999999966
2023-05-11 12:00:00,2023-05-12 00:00:00,short,27179.42,26635.831599999998,take_profit,0.02000000000000002
2023-05-13 04:00:00,2023-05-15 04:00:00,long,26771.88,27307.317600000002,take_profit,0.020000000000000042
2023-05-17 00:00:00,2023-05-17 16:00:00,short,27060.04,27330.6404,stop_loss,-0.009999999999999976
2023-05-17 16:00:00,2023-05-18 12:00:00,long,27385.09,27111.2391,stop_loss,-0.010000000000000047
2023-05-18 16:00:00,2023-05-18 20:00:00,short,26734.01,27001.3501,stop_loss,-0.010000000000000047
2023-05-20 16:00:00,2023-05-21 08:00:00,long,27063.03,26792.399699999998,stop_loss,-0.010000000000000026
2023-05-21 20:00:00,2023-05-22 12:00:00,short,26747.78,27015.2578,stop_loss,-0.010000000000000021
2023-05-23 00:00:00,2023-05-24 00:00:00,long,27366.67,27093.003299999997,stop_loss,-0.01000000000000006
2023-05-24 04:00:00,2023-05-24 12:00:00,short,26678.67,26145.096599999997,take_profit,0.020000000000000042
2023-05-26 04:00:00,2023-05-28 00:00:00,long,26501.33,27031.356600000003,take_profit,0.02000000000000004
2023-05-30 16:00:00,2023-05-31 04:00:00,short,27850.2,27293.196,take_profit,0.020000000000000028
2023-06-02 16:00:00,2023-06-03 20:00:00,long,27239.02,26966.6298,stop_loss,-0.010000000000000061
2023-06-05 00:00:00,2023-06-05 12:00:00,short,26843.58,26306.7084,take_profit,0.02000000000000008
2023-06-06 16:00:00,2023-06-07 00:00:00,long,27080.13,26809.328700000002,stop_loss,-0.009999999999999969
2023-06-10 04:00:00,2023-06-10 16:00:00,short,25651.09,25907.6009,stop_loss,-0.010000000000000044
2023-06-11 20:00:00,2023-06-12 00:00:00,long,25925.55,25666.2945,stop_loss,-0.009999999999999974
2023-06-14 20:00:00,2023-06-15 16:00:00,short,25128.6,25379.886,stop_loss,-0.010000000000000004
2023-06-16 00:00:00,2023-06-16 12:00:00,long,25561.74,25306.122600000002,stop_loss,-0.009999999999999967
2023-06-19 04:00:00,2023-06-19 16:00:00,short,26428.01,26692.2901,stop_loss,-0.009999999999999998
2023-06-19 20:00:00,2023-06-20 16:00:00,long,26844.35,27381.236999999997,take_profit,0.019999999999999955
2023-06-23 04:00:00,2023-06-23 12:00:00,short,29931.99,30231.3099,stop_loss,-0.009999999999999953
2023-06-23 12:00:00,2023-06-23 16:00:00,long,31238.0,30925.62,stop_loss,-0.010000000000000033
2023-06-24 00:00:00,2023-06-25 04:00:00,short,30730.01,31037.3101,stop_loss,-0.010000000000000012
2023-06-30 00:00:00,2023-06-30 12:00:00,long,30745.05,30437.5995,stop_loss,-0.009999999999999967
2023-06-30 12:00:00,2023-06-30 16:00:00,short,30067.72,30368.397200000003,stop_loss,-0.010000000000000063
2023-07-03 00:00:00,2023-07-03 16:00:00,long,30756.65,31371.783000000003,take_profit,0.020000000000000052
2023-07-04 16:00:00,2023-07-06 08:00:00,short,30696.84,31003.8084,stop_loss,-0.01000000000000005
2023-07-08 20:00:00,2023-07-10 00:00:00,long,30284.63,29981.7837,stop_loss,-0.010000000000000035
2023-07-12 16:00:00,2023-07-13 08:00:00,short,30287.47,30590.3447,stop_loss,-0.010000000000000009
2023-07-13 12:00:00,2023-07-13 16:00:00,long,30917.48,31535.8296,take_profit,0.020000000000000046
2023-07-14 16:00:00,2023-07-16 12:00:00,short,30115.17,30416.321699999997,stop_loss,-0.009999999999999952
2023-07-19 04:00:00,2023-07-20 12:00:00,long,30000.68,29700.6732,stop_loss,-0.009999999999999974
2023-07-21 04:00:00,2023-07-23 16:00:00,short,29766.81,30064.4781,stop_loss,-0.009999999999999964
2023-07-24 08:00:00,2023-07-26 20:00:00,short,29269.99,29562.6899,stop_loss,-0.009999999999999986
2023-07-31 16:00:00,2023-08-01 20:00:00,short,29157.48,29449.054799999998,stop_loss,-0.009999999999999948
2023-08-01 20:00:00,2023-08-02 08:00:00,long,29705.99,29408.9301,stop_loss,-0.010000000000000005
2023-08-03 00:00:00,2023-08-08 12:00:00,short,29182.14,29473.9614,stop_loss,-0.010000000000000024
2023-08-10 04:00:00,2023-08-16 20:00:00,short,29512.0,28921.76,take_profit,0.020000000000000056
2023-08-20 00:00:00,2023-08-21 12:00:00,long,26105.24,25844.1876,stop_loss,-0.010000000000000018
2023-08-25 16:00:00,2023-08-28 12:00:00,short,25972.36,26232.0836,stop_loss,-0.010000000000000045
2023-08-31 12:00:00,2023-08-31 16:00:00,short,26922.01,26383.569799999997,take_profit,0.020000000000000035
2023-09-03 08:00:00,2023-09-04 20:00:00,long,25943.38,25683.946200000002,stop_loss,-0.009999999999999957
2023-09-09 12:00:00,2023-09-11 12:00:00,short,25894.09,25376.2082,take_profit,0.01999999999999997
2023-09-12 08:00:00,2023-09-12 20:00:00,long,26098.99,25838.0001,stop_loss,-0.010000000000000018
2023-09-15 16:00:00,2023-09-15 20:00:00,short,26397.38,26661.3538,stop_loss,-0.00999999999999999
2023-09-15 20:00:00,2023-09-18 08:00:00,long,26600.0,27132.0,take_profit,0.02
2023-09-18 08:00:00,2023-09-18 16:00:00,long,27196.98,26925.0102,stop_loss,-0.009999999999999962
2023-09-20 08:00:00,2023-09-21 12:00:00,short,27098.08,26556.118400000003,take_profit,0.019999999999999952
2023-09-24 12:00:00,2023-09-24 20:00:00,long,26578.06,26312.2794,stop_loss,-0.01000000000000007
2023-09-26 04:00:00,2023-09-27 08:00:00,long,26272.01,26797.4502,take_profit,0.020000000000000035
2023-09-30 20:00:00,2023-10-01 08:00:00,short,26962.56,27232.1856,stop_loss,-0.009999999999999978
2023-10-03 04:00:00,2023-10-04 16:00:00,short,27540.64,27816.0464,stop_loss,-0.009999999999999995
2023-10-06 12:00:00,2023-10-09 08:00:00,long,27941.12,27661.7088,stop_loss,-0.009999999999999952
2023-10-13 04:00:00,2023-10-16 04:00:00,long,26875.0,27412.5,take_profit,0.02
2023-10-18 12:00:00,2023-10-19 12:00:00,short,28247.45,28529.9245,stop_loss,-0.010000000000000009
2023-10-20 00:00:00,2023-10-20 08:00:00,long,29235.38,29820.087600000003,take_profit,0.020000000000000052
2023-10-22 04:00:00,2023-10-23 00:00:00,short,29816.26,30114.422599999998,stop_loss,-0.00999999999999999
2023-10-23 00:00:00,2023-10-23 04:00:00,long,30736.69,30429.323099999998,stop_loss,-0.01000000000000003
2023-10-26 04:00:00,2023-10-26 12:00:00,short,34647.34,33954.3932,take_profit,0.01999999999999994
2023-11-01 20:00:00,2023-11-02 04:00:00,long,35421.43,35067.2157,stop_loss,-0.00999999999999999
2023-11-03 00:00:00,2023-11-04 20:00:00,short,34681.92,35028.739199999996,stop_loss,-0.009999999999999945
2023-11-05 00:00:00,2023-11-05 12:00:00,long,35277.01,34924.2399,stop_loss,-0.010000000000000044
2023-11-06 00:00:00,2023-11-07 16:00:00,short,34978.38,35328.163799999995,stop_loss,-0.009999999999999927
2023-11-07 20:00:00,2023-11-09 00:00:00,long,35399.12,36107.1024,take_profit,0.02000000000000002
2023-11-11 12:00:00,2023-11-14 00:00:00,short,37050.77,36309.75459999999,take_profit,0.020000000000000104
2023-11-15 16:00:00,2023-11-16 08:00:00,long,37499.99,37124.990099999995,stop_loss,-0.010000000000000068
2023-11-16 16:00:00,2023-11-17 00:00:00,short,35921.01,36280.220100000006,stop_loss,-0.010000000000000108
2023-11-18 12:00:00,2023-11-19 20:00:00,long,36664.16,37397.4432,take_profit,0.019999999999999945
2023-11-21 12:00:00,2023-11-21 16:00:00,short,36975.04,37344.7904,stop_loss,-0.009999999999999924
2023-11-22 20:00:00,2023-11-23 12:00:00,long,37408.34,37034.25659999999,stop_loss,-0.010000000000000085
2023-11-26 00:00:00,2023-11-27 08:00:00,short,37730.38,36975.772399999994,take_profit,0.02000000000000008
2023-11-28 16:00:00,2023-11-28 20:00:00,long,38114.26,37733.1174,stop_loss,-0.00999999999999998
2023-11-30 12:00:00,2023-12-01 00:00:00,short,37619.84,37996.0384,stop_loss,-0.010000000000000031
2023-12-01 04:00:00,2023-12-02 16:00:00,long,38244.08,39008.9616,take_profit,0.020000000000000014
2023-12-07 04:00:00,2023-12-07 08:00:00,short,43884.01,43006.3298,take_profit,0.020000000000000056
2023-12-13 16:00:00,2023-12-14 12:00:00,long,42734.01,42306.6699,stop_loss,-0.01000000000000003
2023-12-15 16:00:00,2023-12-16 12:00:00,short,42096.08,42517.0408,stop_loss,-0.010000000000000018
2023-12-18 20:00:00,2023-12-19 16:00:00,long,42657.8,42231.222,stop_loss,-0.010000000000000031
2023-12-22 12:00:00,2023-12-24 20:00:00,short,43671.1,42797.678,take_profit,0.01999999999999997
2023-12-27 16:00:00,2023-12-28 12:00:00,long,43154.34,42722.796599999994,stop_loss,-0.010000000000000054
2023-12-28 16:00:00,2023-12-29 12:00:00,short,42610.64,43036.746399999996,stop_loss,-0.009999999999999929
2023-12-31 00:00:00,2024-01-01 16:00:00,long,42176.0,43019.520000000004,take_profit,0.020000000000000098
2024-01-03 12:00:00,2024-01-03 16:00:00,short,43000.01,43430.0101,stop_loss,-0.009999999999999941
2024-01-06 00:00:00,2024-01-06 04:00:00,long,43931.1,43491.789,stop_loss,-0.010000000000000035
2024-01-06 04:00:00,2024-01-06 16:00:00,short,43653.2,44089.731999999996,stop_loss,-0.009999999999999983
2024-01-06 20:00:00,2024-01-08 00:00:00,long,43968.32,43528.6368,stop_loss,-0.009999999999999988
2024-01-08 00:00:00,2024-01-08 04:00:00,short,43518.2,43953.382,stop_loss,-0.010000000000000018
2024-01-08 08:00:00,2024-01-08 16:00:00,long,44635.99,45528.7098,take_profit,0.019999999999999976
2024-01-10 04:00:00,2024-01-10 12:00:00,short,45757.98,44842.820400000004,take_profit,0.019999999999999976
2024-01-15 08:00:00,2024-01-15 12:00:00,long,42697.99,42271.0101,stop_loss,-0.009999999999999964
2024-01-18 16:00:00,2024-01-19 04:00:00,short,41022.32,41432.5432,stop_loss,-0.010000000000000009
2024-01-20 00:00:00,2024-01-22 00:00:00,long,41634.65,41218.3035,stop_loss,-0.009999999999999992
2024-01-22 08:00:00,2024-01-22 12:00:00,short,40815.99,41224.1499,stop_loss,-0.009999999999999969
2024-01-24 08:00:00,2024-01-24 12:00:00,long,40209.34,39807.2466,stop_loss,-0.00999999999999995
2024-01-29 04:00:00,2024-01-29 12:00:00,short,42053.46,42473.9946,stop_loss,-0.009999999999999978
2024-01-29 12:00:00,2024-01-30 00:00:00,long,42641.75,43494.585,take_profit,0.01999999999999998
2024-01-31 00:00:00,2024-01-31 12:00:00,short,42930.07,43359.3707,stop_loss,-0.009999999999999995
2024-02-06 12:00:00,2024-02-07 00:00:00,long,43244.89,42812.4411,stop_loss,-0.010000000000000071
2024-02-07 08:00:00,2024-02-07 16:00:00,short,42928.29,43357.5729,stop_loss,-0.00999999999999996
2024-02-11 16:00:00,2024-02-12 00:00:00,short,48284.0,48766.840000000004,stop_loss,-0.010000000000000078
2024-02-12 16:00:00,2024-02-13 12:00:00,long,49532.03,49036.7097,stop_loss,-0.009999999999999988
2024-02-13 12:00:00,2024-02-13 16:00:00,short,48727.47,49214.7447,stop_loss,-0.010000000000000037
2024-02-14 08:00:00,2024-02-15 12:00:00,long,51555.12,52586.222400000006,take_profit,0.020000000000000066
2024-02-15 20:00:00,2024-02-16 08:00:00,short,51880.0,52398.8,stop_loss,-0.010000000000000056
2024-02-24 16:00:00,2024-02-26 08:00:00,long,51557.07,51041.499299999996,stop_loss,-0.010000000000000075
2024-02-26 08:00:00,2024-02-26 12:00:00,short,51090.01,51600.9101,stop_loss,-0.00999999999999998
2024-02-26 12:00:00,2024-02-26 16:00:00,long,52842.32,53899.1664,take_profit,0.020000000000000042
2024-03-01 00:00:00,2024-03-01 04:00:00,short,61105.91,61716.9691,stop_loss,-0.009999999999999976
2024-03-04 08:00:00,2024-03-04 12:00:00,long,65230.0,64577.7,stop_loss,-0.010000000000000045
2024-03-05 16:00:00,2024-03-05 20:00:00,short,61410.98,62025.0898,stop_loss,-0.009999999999999972
2024-03-08 16:00:00,2024-03-08 20:00:00,long,68863.99,68175.35010000001,stop_loss,-0.009999999999999922
2024-03-09 04:00:00,2024-03-10 00:00:00,short,68288.64,68971.5264,stop_loss,-0.010000000000000045
2024-03-10 08:00:00,2024-03-10 12:00:00,long,69568.46,68872.7754,stop_loss,-0.010000000000000111
2024-03-10 12:00:00,2024-03-11 00:00:00,short,69194.83,67810.9334,take_profit,0.020000000000000104
2024-03-11 04:00:00,2024-03-11 12:00:00,long,71019.99,72440.3898,take_profit,0.019999999999999987
2024-03-12 16:00:00,2024-03-13 00:00:00,short,71349.99,72063.4899,stop_loss,-0.009999999999999933
2024-03-13 08:00:00,2024-03-13 12:00:00,long,73065.41,72334.7559,stop_loss,-0.009999999999999997
2024-03-13 12:00:00,2024-03-13 16:00:00,short,72634.95,73361.2995,stop_loss,-0.009999999999999953
2024-03-13 16:00:00,2024-03-14 00:00:00,long,73349.24,72615.7476,stop_loss,-0.010000000000000038
2024-03-17 20:00:00,2024-03-18 00:00:00,long,68393.48,67709.5452,stop_loss,-0.01000000000000004
2024-03-19 00:00:00,2024-03-19 04:00:00,short,65876.01,64558.489799999996,take_profit,0.019999999999999987
2024-03-20 16:00:00,2024-03-20 20:00:00,long,65784.46,67100.14920000001,take_profit,0.02000000000000012
2024-03-22 16:00:00,2024-03-22 20:00:00,short,63866.93,62589.5914,take_profit,0.020000000000000042
2024-03-23 12:00:00,2024-03-23 20:00:00,long,65104.05,64453.0095,stop_loss,-0.010000000000000042
2024-03-27 12:00:00,2024-03-27 20:00:00,short,68874.0,69562.74,stop_loss,-0.010000000000000077
2024-03-31 16:00:00,2024-04-01 04:00:00,long,71023.5,70313.265,stop_loss,-0.010000000000000009
2024-04-01 04:00:00,2024-04-01 12:00:00,short,69594.94,68203.0412,take_profit,0.019999999999999934
2024-04-04 08:00:00,2024-04-04 12:00:00,long,66353.67,67680.7434,take_profit,0.02000000000000013
2024-04-09 12:00:00,2024-04-10 12:00:00,short,69264.0,67878.72,take_profit,0.019999999999999983
2024-04-11 04:00:00,2024-04-11 08:00:00,long,70735.99,70028.63010000001,stop_loss,-0.00999999999999994
2024-04-11 08:00:00,2024-04-11 12:00:00,short,69983.16,70682.99160000001,stop_loss,-0.010000000000000071
2024-04-12 00:00:00,2024-04-12 12:00:00,long,70977.27,70267.4973,stop_loss,-0.01000000000000002
2024-04-12 12:00:00,2024-04-12 16:00:00,short,69347.3,67960.354,take_profit,0.019999999999999945
2024-04-15 04:00:00,2024-04-15 12:00:00,long,66263.84,65601.2016,stop_loss,-0.009999999999999943
2024-04-15 20:00:00,2024-04-16 04:00:00,short,63419.99,62151.5902,take_profit,0.01999999999999999
2024-04-16 20:00:00,2024-04-17 08:00:00,long,63793.39,63155.456099999996,stop_loss,-0.010000000000000057
2024-04-17 12:00:00,2024-04-17 16:00:00,short,60304.95,60907.9995,stop_loss,-0.010000000000000018
2024-04-18 08:00:00,2024-04-18 12:00:00,long,62597.92,61971.9408,stop_loss,-0.010000000000000026
2024-04-24 08:00:00,2024-04-24 12:00:00,short,66571.52,65240.0896,take_profit,0.02000000000000007
2024-04-28 00:00:00,2024-04-28 08:00:00,long,64021.62,63381.4038,stop_loss,-0.01000000000000004
2024-04-29 00:00:00,2024-04-29 12:00:00,short,62279.67,62902.4667,stop_loss,-0.009999999999999983
2024-04-29 20:00:00,2024-04-30 00:00:00,long,63866.0,63227.34,stop_loss,-0.010000000000000054
2024-04-30 08:00:00,2024-04-30 16:00:00,short,61204.42,59980.3316,take_profit,0.02000000000000001
2024-05-02 12:00:00,2024-05-02 20:00:00,long,59264.15,58671.5085,stop_loss,-0.009999999999999964
2024-05-06 16:00:00,2024-05-07 00:00:00,short,63220.0,63852.2,stop_loss,-0.009999999999999953
2024-05-10 00:00:00,2024-05-10 12:00:00,long,62916.16,62286.998400000004,stop_loss,-0.009999999999999992
2024-05-10 12:00:00,2024-05-12 12:00:00,short,60928.02,61537.3002,stop_loss,-0.010000000000000018
2024-05-12 12:00:00,2024-05-13 00:00:00,long,61419.0,60804.81,stop_loss,-0.010000000000000038
2024-05-14 16:00:00,2024-05-15 04:00:00,short,61596.52,62212.485199999996,stop_loss,-0.00999999999999998
2024-05-15 08:00:00,2024-05-15 12:00:00,long,62467.18,63716.5236,take_profit,0.020000000000000004
2024-05-18 12:00:00,2024-05-19 08:00:00,short,66823.63,67491.86630000001,stop_loss,-0.010000000000000061
2024-05-20 16:00:00,2024-05-20 20:00:00,long,69999.99,69299.99010000001,stop_loss,-0.00999999999999993
2024-05-22 04:00:00,2024-05-22 12:00:00,short,69715.0,70412.15,stop_loss,-0.009999999999999917
2024-05-25 12:00:00,2024-05-26 20:00:00,long,68930.4,68241.09599999999,stop_loss,-0.010000000000000056
2024-05-26 20:00:00,2024-05-27 00:00:00,short,68507.67,69192.7467,stop_loss,-0.010000000000000075
2024-05-27 12:00:00,2024-05-27 16:00:00,long,70373.85,69670.1115,stop_loss,-0.010000000000000096
2024-05-28 00:00:00,2024-05-28 08:00:00,short,68050.3,68730.803,stop_loss,-0.009999999999999955
2024-05-30 12:00:00,2024-05-31 12:00:00,long,68530.76,67845.4524,stop_loss,-0.010000000000000002
2024-05-31 12:00:00,2024-05-31 16:00:00,short,67215.58,67887.73580000001,stop_loss,-0.010000000000000115
2024-06-01 20:00:00,2024-06-03 04:00:00,long,67766.85,69122.187,take_profit,0.01999999999999999
2024-06-06 16:00:00,2024-06-07 04:00:00,short,70479.49,71184.2849,stop_loss,-0.009999999999999907
2024-06-10 12:00:00,2024-06-10 20:00:00,long,70066.12,69365.4588,stop_loss,-0.010000000000000033
2024-06-11 00:00:00,2024-06-11 08:00:00,short,68464.0,67094.72,take_profit,0.019999999999999983
2024-06-12 12:00:00,2024-06-12 16:00:00,long,69734.0,69036.66,stop_loss,-0.00999999999999995
2024-06-13 12:00:00,2024-06-14 04:00:00,short,66470.01,67134.7101,stop_loss,-0.010000000000000028
2024-06-15 12:00:00,2024-06-17 08:00:00,long,66316.02,65652.8598,stop_loss,-0.009999999999999976
2024-06-18 08:00:00,2024-06-20 08:00:00,short,65366.0,66019.66,stop_loss,-0.010000000000000054
2024-06-21 04:00:00,2024-06-24 00:00:00,short,64201.63,62917.5974,take_profit,0.01999999999999998
2024-06-25 16:00:00,2024-06-26 08:00:00,long,61975.46,61355.7054,stop_loss,-0.010000000000000004
2024-06-28 20:00:00,2024-06-29 04:00:00,short,60427.84,61032.1184,stop_loss,-0.010000000000000049
2024-07-02 12:00:00,2024-07-03 00:00:00,short,61948.08,60709.1184,take_profit,0.02000000000000004
2024-07-06 08:00:00,2024-07-06 16:00:00,long,56731.42,57866.0484,take_profit,0.020000000000000025
2024-07-08 04:00:00,2024-07-08 08:00:00,short,55852.01,56410.5301,stop_loss,-0.010000000000000028
2024-07-08 08:00:00,2024-07-08 12:00:00,long,57154.01,56582.469900000004,stop_loss,-0.00999999999999997
2024-07-11 20:00:00,2024-07-12 12:00:00,short,57339.89,57913.2889,stop_loss,-0.010000000000000002
2024-07-12 20:00:00,2024-07-13 20:00:00,long,57889.1,59046.882,take_profit,0.019999999999999987
2024-07-17 12:00:00,2024-07-18 12:00:00,short,64724.01,63429.529800000004,take_profit,0.01999999999999997
2024-07-19 16:00:00,2024-07-20 00:00:00,long,67157.26,66485.6874,stop_loss,-0.009999999999999993
2024-07-21 08:00:00,2024-07-21 16:00:00,short,66879.99,67548.7899,stop_loss,-0.009999999999999972
2024-07-21 20:00:00,2024-07-22 04:00:00,long,68165.34,67483.6866,stop_loss,-0.009999999999999936
2024-07-22 04:00:00,2024-07-22 12:00:00,short,67236.0,67908.36,stop_loss,-0.010000000000000009
2024-07-26 00:00:00,2024-07-27 12:00:00,long,67042.01,68382.8502,take_profit,0.02000000000000009
2024-07-28 12:00:00,2024-07-29 00:00:00,short,67645.0,68321.45,stop_loss,-0.009999999999999957
2024-07-29 00:00:00,2024-07-29 12:00:00,long,69347.67,68654.1933,stop_loss,-0.00999999999999999
2024-07-29 16:00:00,2024-07-30 00:00:00,short,67303.05,65956.989,take_profit,0.02000000000000002
2024-08-06 08:00:00,2024-08-06 12:00:00,long,55210.01,54657.9099,stop_loss,-0.01000000000000006
2024-08-11 12:00:00,2024-08-11 20:00:00,short,60127.29,58924.7442,take_profit,0.019999999999999997
2024-08-13 20:00:00,2024-08-14 12:00:00,long,60587.15,59981.2785,stop_loss,-0.010000000000000018
2024-08-14 16:00:00,2024-08-15 12:00:00,short,58891.13,59480.0413,stop_loss,-0.009999999999999997
2024-08-16 16:00:00,2024-08-16 20:00:00,long,59683.39,59086.5561,stop_loss,-0.009999999999999964
2024-08-19 00:00:00,2024-08-19 20:00:00,short,58736.85,59324.2185,stop_loss,-0.010000000000000071
2024-08-20 00:00:00,2024-08-20 12:00:00,long,60619.18,60012.9882,stop_loss,-0.010000000000000009
2024-08-21 00:00:00,2024-08-21 08:00:00,short,59320.0,59913.2,stop_loss,-0.009999999999999952
2024-08-21 08:00:00,2024-08-21 12:00:00,short,59361.14,59954.7514,stop_loss,-0.010000000000000026
2024-08-21 16:00:00,2024-08-21 20:00:00,long,61570.0,60954.3,stop_loss,-0.009999999999999953
2024-08-25 16:00:00,2024-08-25 20:00:00,short,64187.41,64829.284100000004,stop_loss,-0.010000000000000014
2024-08-30 08:00:00,2024-08-30 12:00:00,long,59396.0,58802.04,stop_loss,-0.009999999999999985
2024-08-30 12:00:00,2024-08-30 16:00:00,short,58094.99,58675.9399,stop_loss,-0.009999999999999993
2024-08-30 20:00:00,2024-09-01 00:00:00,long,59123.99,58532.7501,stop_loss,-0.010000000000000009
2024-09-01 20:00:00,2024-09-02 04:00:00,short,57301.86,57874.878600000004,stop_loss,-0.010000000000000054
2024-09-02 08:00:00,2024-09-03 00:00:00,long,58422.01,59590.45020000001,take_profit,0.020000000000000077
2024-09-04 00:00:00,2024-09-04 12:00:00,short,56653.98,57220.5198,stop_loss,-0.009999999999999976
2024-09-04 16:00:00,2024-09-05 00:00:00,long,58058.01,57477.4299,stop_loss,-0.009999999999999986
2024-09-05 04:00:00,2024-09-05 12:00:00,short,57155.1,56011.998,take_profit,0.019999999999999983
2024-09-08 00:00:00,2024-09-08 12:00:00,long,54402.99,53858.9601,stop_loss,-0.010000000000000026
2024-09-13 08:00:00,2024-09-13 12:00:00,short,57871.1,58449.811,stop_loss,-0.010000000000000052
2024-09-13 12:00:00,2024-09-15 20:00:00,long,59667.38,59070.70619999999,stop_loss,-0.01000000000000007
2024-09-17 12:00:00,2024-09-17 16:00:00,long,61135.5,60524.145,stop_loss,-0.010000000000000052
2024-09-21 00:00:00,2024-09-21 20:00:00,short,62889.57,63518.4657,stop_loss,-0.010000000000000016
2024-09-25 00:00:00,2024-09-25 04:00:00,long,64460.0,63815.4,stop_loss,-0.009999999999999978
2024-09-25 04:00:00,2024-09-26 08:00:00,short,63843.33,64481.7633,stop_loss,-0.009999999999999952
2024-09-26 12:00:00,2024-09-30 00:00:00,long,65229.03,64576.7397,stop_loss,-0.010000000000000009
2024-10-04 00:00:00,2024-10-04 16:00:00,long,60951.99,62171.0298,take_profit,0.01999999999999998
2024-10-08 04:00:00,2024-10-08 12:00:00,short,62319.99,62943.1899,stop_loss,-0.009999999999999995
2024-10-11 12:00:00,2024-10-14 00:00:00,long,62259.05,63504.23100000001,take_profit,0.020000000000000066
2024-10-17 04:00:00,2024-10-18 00:00:00,short,67303.18,67976.21179999999,stop_loss,-0.009999999999999957
2024-10-24 12:00:00,2024-10-25 16:00:00,long,67701.22,67024.2078,stop_loss,-0.009999999999999962
2024-10-25 20:00:00,2024-10-26 20:00:00,short,66698.33,67365.31330000001,stop_loss,-0.010000000000000108
2024-10-27 12:00:00,2024-10-28 12:00:00,long,67791.99,69147.8298,take_profit,0.02000000000000002
2024-10-31 04:00:00,2024-10-31 12:00:00,short,72417.19,70968.8462,take_profit,0.02000000000000003
2024-11-05 04:00:00,2024-11-05 12:00:00,long,68893.99,70271.8698,take_profit,0.019999999999999928
2024-11-09 00:00:00,2024-11-10 00:00:00,short,76341.47,77104.8847,stop_loss,-0.00999999999999992
2024-11-10 08:00:00,2024-11-10 20:00:00,long,79844.01,79045.56989999999,stop_loss,-0.010000000000000089
2024-11-13 04:00:00,2024-11-13 12:00:00,short,87356.0,88229.56,stop_loss,-0.009999999999999974
2024-11-13 12:00:00,2024-11-13 16:00:00,long,92540.01,91614.6099,stop_loss,-0.00999999999999999
2024-11-14 00:00:00,2024-11-14 04:00:00,short,89937.02,90836.39020000001,stop_loss,-0.010000000000000054
2024-11-19 16:00:00,2024-11-19 20:00:00,long,93227.87,92295.5913,stop_loss,-0.00999999999999995
2024-11-23 04:00:00,2024-11-24 12:00:00,short,98560.85,96589.633,take_profit,0.020000000000000042
2024-11-27 16:00:00,2024-11-28 00:00:00,long,96627.99,95661.71010000001,stop_loss,-0.009999999999999938
2024-12-01 00:00:00,2024-12-01 12:00:00,short,96336.75,97300.11750000001,stop_loss,-0.010000000000000078
2024-12-01 16:00:00,2024-12-02 04:00:00,long,97178.73,96206.9427,stop_loss,-0.009999999999999962
2024-12-04 08:00:00,2024-12-04 16:00:00,long,96190.41,95228.5059,stop_loss,-0.009999999999999997
2024-12-04 16:00:00,2024-12-05 00:00:00,long,97209.64,99153.8328,take_profit,0.020000000000000046
2024-12-06 00:00:00,2024-12-06 12:00:00,short,97735.29,98712.64289999999,stop_loss,-0.009999999999999981
2024-12-06 16:00:00,2024-12-06 20:00:00,long,101439.99,100425.5901,stop_loss,-0.010000000000000038
2024-12-07 00:00:00,2024-12-07 20:00:00,short,99299.63,100292.6263,stop_loss,-0.009999999999999988
2024-12-11 12:00:00,2024-12-12 16:00:00,long,100361.64,99358.0236,stop_loss,-0.00999999999999999
2024-12-18 00:00:00,2024-12-18 20:00:00,short,104763.98,102668.70039999999,take_profit,0.020000000000000087
2024-12-21 08:00:00,2024-12-21 12:00:00,long,98262.08,97279.4592,stop_loss,-0.010000000000000044
2024-12-22 16:00:00,2024-12-22 20:00:00,short,94836.55,95784.9155,stop_loss,-0.009999999999999998
2024-12-23 00:00:00,2024-12-23 04:00:00,long,96025.15,95064.8985,stop_loss,-0.009999999999999985
2024-12-23 12:00:00,2024-12-23 16:00:00,short,93250.37,94182.8737,stop_loss,-0.010000000000000012
2024-12-24 04:00:00,2024-12-24 12:00:00,long,94233.19,96117.8538,take_profit,0.019999999999999945
2024-12-26 12:00:00,2024-12-27 08:00:00,short,96042.88,97003.3088,stop_loss,-0.00999999999999994
2024-12-29 00:00:00,2024-12-29 12:00:00,long,95172.4,94220.67599999999,stop_loss,-0.010000000000000021
2024-12-29 16:00:00,2024-12-30 12:00:00,short,93612.89,91740.6322,take_profit,0.02000000000000007
2024-12-31 08:00:00,2024-12-31 12:00:00,long,94232.68,96117.3336,take_profit,0.020000000000000056
2025-01-05 08:00:00,2025-01-05 20:00:00,short,97641.63,98618.0463,stop_loss,-0.00999999999999997
2025-01-06 04:00:00,2025-01-06 12:00:00,long,99318.7,101305.074,take_profit,0.019999999999999962
2025-01-07 12:00:00,2025-01-08 04:00:00,short,97952.26,95993.21479999999,take_profit,0.02000000000000008
2025-01-10 12:00:00,2025-01-10 16:00:00,long,93730.92,95605.5384,take_profit,0.02000000000000007
2025-01-13 08:00:00,2025-01-13 12:00:00,short,90851.22,91759.7322,stop_loss,-0.00999999999999997
2025-01-14 00:00:00,2025-01-14 08:00:00,long,94861.4,96758.628,take_profit,0.02000000000000003
2025-01-19 08:00:00,2025-01-19 12:00:00,short,104363.23,105406.8623,stop_loss,-0.009999999999999976
2025-01-24 08:00:00,2025-01-25 00:00:00,long,105420.1,104365.899,stop_loss,-0.010000000000000009
2025-01-25 08:00:00,2025-01-26 20:00:00,short,104670.99,102577.5702,take_profit,0.02000000000000003
2025-01-28 08:00:00,2025-01-28 20:00:00,long,102762.01,101734.3899,stop_loss,-0.010000000000000002
2025-01-31 16:00:00,2025-02-02 00:00:00,short,102312.32,100266.0736,take_profit,0.020000000000000035
2025-02-03 16:00:00,2025-02-04 00:00:00,long,101880.0,100861.2,stop_loss,-0.010000000000000028
2025-02-05 20:00:00,2025-02-06 04:00:00,short,96612.43,97578.55429999999,stop_loss,-0.009999999999999959
2025-02-06 04:00:00,2025-02-06 12:00:00,long,98195.61,97213.6539,stop_loss,-0.009999999999999957
2025-02-06 16:00:00,2025-02-06 20:00:00,short,95983.0,96942.83,stop_loss,-0.010000000000000018
2025-02-07 00:00:00,2025-02-07 12:00:00,long,97444.04,99392.92079999999,take_profit,0.01999999999999999
2025-02-08 08:00:00,2025-02-09 00:00:00,short,96120.0,97081.2,stop_loss,-0.009999999999999969
2025-02-11 16:00:00,2025-02-11 20:00:00,short,95040.82,95991.22820000001,stop_loss,-0.010000000000000056
2025-02-12 20:00:00,2025-02-13 04:00:00,long,97869.99,96891.2901,stop_loss,-0.01000000000000007
2025-02-13 12:00:00,2025-02-14 00:00:00,short,95998.0,96957.98,stop_loss,-0.009999999999999957
2025-02-14 00:00:00,2025-02-16 20:00:00,long,97129.98,96158.68019999999,stop_loss,-0.010000000000000082
2025-02-19 08:00:00,2025-02-19 16:00:00,long,96422.6,95458.37400000001,stop_loss,-0.009999999999999948
2025-02-21 16:00:00,2025-02-22 00:00:00,short,95285.11,96237.9611,stop_loss,-0.009999999999999998
2025-02-28 16:00:00,2025-02-28 20:00:00,long,84449.99,83605.49010000001,stop_loss,-0.009999999999999943
2025-03-03 20:00:00,2025-03-04 00:00:00,short,86220.61,84496.1978,take_profit,0.02000000000000007
2025-03-05 08:00:00,2025-03-05 12:00:00,long,89814.26,88916.11739999999,stop_loss,-0.010000000000000073
2025-03-07 00:00:00,2025-03-07 04:00:00,short,86991.25,87861.1625,stop_loss,-0.010000000000000066
2025-03-11 16:00:00,2025-03-12 00:00:00,long,83104.01,82272.9699,stop_loss,-0.009999999999999981
2025-03-16 08:00:00,2025-03-16 12:00:00,short,82410.02,83234.1202,stop_loss,-0.010000000000000009
2025-03-17 16:00:00,2025-03-18 00:00:00,long,84482.55,83637.7245,stop_loss,-0.010000000000000075
2025-03-18 00:00:00,2025-03-18 12:00:00,short,83147.6,81484.648,take_profit,0.020000000000000056
2025-03-19 08:00:00,2025-03-19 16:00:00,long,83881.4,85559.02799999999,take_profit,0.019999999999999966
2025-03-21 00:00:00,2025-03-23 16:00:00,short,84451.96,85296.4796,stop_loss,-0.009999999999999995
2025-03-26 00:00:00,2025-03-26 04:00:00,short,87153.51,88025.04509999999,stop_loss,-0.009999999999999927
2025-03-26 04:00:00,2025-03-26 12:00:00,long,88140.45,87259.0455,stop_loss,-0.010000000000000047
2025-03-26 12:00:00,2025-03-27 00:00:00,short,86752.52,87620.04520000001,stop_loss,-0.010000000000000042
2025-03-31 12:00:00,2025-03-31 16:00:00,long,83418.78,82584.5922,stop_loss,-0.009999999999999997
2025-04-03 04:00:00,2025-04-03 12:00:00,short,83456.75,81787.615,take_profit,0.019999999999999938
2025-04-04 20:00:00,2025-04-05 12:00:00,long,83889.87,83050.97129999999,stop_loss,-0.010000000000000063
2025-04-05 12:00:00,2025-04-05 20:00:00,short,82618.26,83444.4426,stop_loss,-0.010000000000000002
2025-04-05 20:00:00,2025-04-06 08:00:00,long,83537.99,82702.6101,stop_loss,-0.009999999999999998
2025-04-06 08:00:00,2025-04-06 16:00:00,short,82855.99,81198.8702,take_profit,0.020000000000000004
2025-04-08 08:00:00,2025-04-08 12:00:00,long,79982.0,79182.18,stop_loss,-0.010000000000000087
2025-04-08 16:00:00,2025-04-09 00:00:00,short,76854.05,75316.969,take_profit,0.020000000000000073
2025-04-09 16:00:00,2025-04-10 00:00:00,long,82332.08,81508.7592,stop_loss,-0.010000000000000016
2025-04-13 16:00:00,2025-04-14 00:00:00,short,83981.31,84821.1231,stop_loss,-0.009999999999999993
2025-04-19 08:00:00,2025-04-20 08:00:00,long,85217.4,84365.226,stop_loss,-0.00999999999999999
2025-04-21 00:00:00,2025-04-22 12:00:00,long,87205.56,88949.6712,take_profit,0.019999999999999993
2025-04-24 08:00:00,2025-04-24 16:00:00,short,92619.94,93546.1394,stop_loss,-0.009999999999999974
2025-05-01 08:00:00,2025-05-04 12:00:00,long,96180.01,95218.20989999999,stop_loss,-0.01000000000000008
2025-05-06 20:00:00,2025-05-07 16:00:00,long,96834.02,95865.6798,stop_loss,-0.010000000000000061
2025-05-10 16:00:00,2025-05-10 20:00:00,short,103191.35,104223.2635,stop_loss,-0.009999999999999952
2025-05-10 20:00:00,2025-05-11 00:00:00,long,104809.53,103761.4347,stop_loss,-0.010000000000000009
2025-05-11 00:00:00,2025-05-12 00:00:00,short,104007.03,105047.1003,stop_loss,-0.010000000000000064
2025-05-16 12:00:00,2025-05-17 00:00:00,long,104183.33,103141.4967,stop_loss,-0.009999999999999985
2025-05-17 00:00:00,2025-05-18 12:00:00,short,103508.48,104543.5648,stop_loss,-0.00999999999999997
2025-05-18 12:00:00,2025-05-18 16:00:00,long,105518.0,104462.81999999999,stop_loss,-0.010000000000000071
2025-05-19 08:00:00,2025-05-19 12:00:00,short,102963.41,103993.0441,stop_loss,-0.009999999999999957
2025-05-19 16:00:00,2025-05-20 12:00:00,long,105517.7,104462.523,stop_loss,-0.009999999999999962
2025-05-23 08:00:00,2025-05-23 20:00:00,short,109076.35,106894.823,take_profit,0.020000000000000014
2025-05-26 04:00:00,2025-05-26 16:00:00,long,110094.62,108993.67379999999,stop_loss,-0.010000000000000052
2025-05-27 20:00:00,2025-05-29 12:00:00,short,108938.17,106759.4066,take_profit,0.019999999999999966
2025-06-01 00:00:00,2025-06-03 00:00:00,long,104381.03,106468.6506,take_profit,0.01999999999999995
2025-06-04 20:00:00,2025-06-05 12:00:00,short,104696.86,105743.82860000001,stop_loss,-0.010000000000000071
2025-06-06 16:00:00,2025-06-08 16:00:00,long,104219.8,106304.19600000001,take_profit,0.020000000000000077
2025-06-11 16:00:00,2025-06-12 20:00:00,short,108742.37,106567.5226,take_profit,0.01999999999999999
2025-06-15 04:00:00,2025-06-16 12:00:00,long,105428.0,107536.56,take_profit,0.01999999999999998
2025-06-17 12:00:00,2025-06-17 16:00:00,short,104241.63,105284.0463,stop_loss,-0.009999999999999972
2025-06-20 04:00:00,2025-06-20 12:00:00,long,105811.74,104753.6226,stop_loss,-0.010000000000000026
2025-06-20 16:00:00,2025-06-21 20:00:00,short,103307.22,101241.0756,take_profit,0.020000000000000046
2025-06-23 12:00:00,2025-06-23 16:00:00,long,101420.7,100406.493,stop_loss,-0.00999999999999995
2025-06-27 00:00:00,2025-06-30 00:00:00,short,107477.76,108552.5376,stop_loss,-0.010000000000000012
2025-06-30 00:00:00,2025-06-30 08:00:00,long,108503.74,107418.7026,stop_loss,-0.010000000000000009
2025-07-02 12:00:00,2025-07-04 12:00:00,long,108737.74,107650.36260000001,stop_loss,-0.009999999999999978
2025-07-04 12:00:00,2025-07-06 12:00:00,short,107573.29,108649.0229,stop_loss,-0.010000000000000026
2025-07-06 20:00:00,2025-07-07 12:00:00,long,109203.84,108111.80159999999,stop_loss,-0.010000000000000045
2025-07-07 16:00:00,2025-07-08 12:00:00,short,108056.68,109137.2468,stop_loss,-0.010000000000000005
2025-07-08 20:00:00,2025-07-09 16:00:00,long,108922.98,111101.4396,take_profit,0.020000000000000018
2025-07-13 00:00:00,2025-07-13 12:00:00,short,117753.6,118931.13600000001,stop_loss,-0.010000000000000061
2025-07-14 00:00:00,2025-07-14 04:00:00,long,120750.24,123165.2448,take_profit,0.01999999999999996
2025-07-14 16:00:00,2025-07-15 00:00:00,short,119939.41,117540.62180000001,take_profit,0.019999999999999962
2025-07-18 00:00:00,2025-07-18 08:00:00,long,120223.09,119020.8591,stop_loss,-0.009999999999999959
2025-07-18 12:00:00,2025-07-21 04:00:00,short,117860.25,119038.85250000001,stop_loss,-0.01000000000000007
2025-07-21 04:00:00,2025-07-21 08:00:00,long,119362.67,118169.04329999999,stop_loss,-0.010000000000000068
2025-07-21 16:00:00,2025-07-22 00:00:00,short,116767.67,117935.3467,stop_loss,-0.009999999999999969
2025-07-22 08:00:00,2025-07-22 12:00:00,long,119154.99,117963.4401,stop_loss,-0.009999999999999985
2025-07-24 00:00:00,2025-07-25 00:00:00,short,118488.92,116119.1416,take_profit,0.019999999999999962
